ensembl_gene_id,hgnc_symbol,source,team,study,input_data,details
ENSG00000109576,AADAT,AMP-AD,Duke,ADNI,"Genetics, Metabolomics",
ENSG00000064687,ABCA7,AMP-AD,Duke,ADNI,"Genetics, Metabolomics",
ENSG00000141338,ABCA8,AMP-AD,Duke,,"Metabolomics, Genetics, RNA, Protein, Phenomics",
ENSG00000108798,ABI3,AMP-AD,Mayo-UFL-ISB,Mayo,RNA,
ENSG00000108798,ABI3,TREAT-AD,IUSM-Purdue,"GSE5281, GSE48350, GSE33000, GSE44772, ROSMAP, MSBB, Mayo, ABA",RNA,
ENSG00000163995,ABLIM2,AMP-AD,MSSM - Zhang Lab,MSBB,Protein,
ENSG00000159640,ACE,AMP-AD,Duke,ADNI,"Genetics, Metabolomics",
ENSG00000159640,ACE,AMP-AD,Emory,"Banner, ROSMAP","Genetics, Protein",
ENSG00000159640,ACE,AMP-AD,Emory,"https://doi.org/10.1038/s41588-018-0311-9, https://doi.org/10.1038/s41588-019-0358-2","Genetics, Protein",
ENSG00000100412,ACO2,AMP-AD,Emory,"ACT, BLSA, Banner",Protein,
ENSG00000184227,ACOT1,AMP-AD,Emory,"https://doi.org/10.1038/s41588-018-0311-9, https://doi.org/10.1038/s41588-019-0358-2","Genetics, Protein",
ENSG00000162390,ACOT11,AMP-AD,MSSM - Roussos Lab,FreshMicro,RNA,
ENSG00000151726,ACSL1,AMP-AD,Duke,ADNI,"Genetics, Metabolomics",
ENSG00000072110,ACTN1,AMP-AD,Emory,"ACT, BLSA, Banner",Protein,
ENSG00000077522,ACTN2,AMP-AD,Emory,"ACT, BLSA, Banner",Protein,
ENSG00000137845,ADAM10,AMP-AD,Emory,"https://doi.org/10.1038/s41588-018-0311-9, https://doi.org/10.1038/s41588-019-0358-2","Genetics, Protein",
ENSG00000168615,ADAM9,AMP-AD,Duke,ADNI,"Genetics, Metabolomics",
ENSG00000154734,ADAMTS1,AMP-AD,ASU,VirusResilience,RNA,
ENSG00000140470,ADAMTS17,AMP-AD,MSSM - Roussos Lab,HBI_scRNAseq,RNA,
ENSG00000158859,ADAMTS4,AMP-AD,Duke,ADNI,"Genetics, Metabolomics",
ENSG00000158859,ADAMTS4,AMP-AD,ASU,VirusResilience,RNA,
ENSG00000148700,ADD3,AMP-AD,MSSM - Zhang Lab,MSBB,Protein,
ENSG00000135744,AGT,AMP-AD,ASU,VirusResilience,RNA,
ENSG00000168710,AHCYL1,AMP-AD,Duke,,"Metabolomics, Genetics, RNA, Protein, Phenomics",
ENSG00000124942,AHNAK,AMP-AD,MSSM - Zhang Lab,MSBB,"Genetics, Protein",
ENSG00000156709,AIFM1,AMP-AD,Columbia-Rush,ROSMAP,"Protein, Clinical",
ENSG00000106992,AK1,AMP-AD,Emory,"ACT, BLSA, Banner",Protein,
ENSG00000162433,AK4,AMP-AD,Columbia-Rush,ROSMAP,"Genetics, RNA, Protein, Clinical",
ENSG00000122787,AKR1D1,AMP-AD,ASU,ROSMAP,"Genetics, RNA, Protein",
ENSG00000142208,AKT1,AMP-AD,Duke,ADNI,"Genetics, Metabolomics",
ENSG00000170017,ALCAM,AMP-AD,MSSM - Roussos Lab,HBI_scRNAseq,RNA,
ENSG00000128918,ALDH1A2,AMP-AD,ASU,VirusResilience,RNA,
ENSG00000159423,ALDH4A1,AMP-AD,ASU,VirusResilience,RNA,
ENSG00000171094,ALK,AMP-AD,Mayo-UFL-ISB,Mayo,RNA,
ENSG00000151150,ANK3,AMP-AD,MSSM - Zhang Lab,MSBB,Protein,
ENSG00000145700,ANKRD31,AMP-AD,ASU,VirusResilience,RNA,
ENSG00000185046,ANKS1B,AMP-AD,Emory,"ACT, BLSA, Banner",Protein,
ENSG00000185046,ANKS1B,AMP-AD,MSSM - Zhang Lab,MSBB,Protein,
ENSG00000177119,ANO6,Community,Chang Lab,Mayo,"Genetics, RNA",
ENSG00000136938,ANP32B,AMP-AD,Columbia-Rush,ROSMAP,"Protein, Clinical",
ENSG00000135046,ANXA1,AMP-AD,MSSM - Zhang Lab,MSBB,Protein,
ENSG00000182718,ANXA2,AMP-AD,MSSM - Zhang Lab,MSBB,"Genetics, Protein",
ENSG00000164111,ANXA5,AMP-AD,Emory,"ACT, BLSA, Banner",Protein,
ENSG00000100280,AP1B1,AMP-AD,MSSM - Zhang Lab,MSBB,Protein,
ENSG00000196961,AP2A1,AMP-AD,Emory,"ACT, BLSA, Banner",Protein,
ENSG00000183020,AP2A2,TREAT-AD,Emory-Sage-SGC,,"Genetics, RNA, Protein",
ENSG00000006125,AP2B1,Community,Chang Lab,"Rush, MSBB","Genetics, RNA, Protein",
ENSG00000006125,AP2B1,AMP-AD,Emory,"ACT, BLSA, Banner",Protein,
ENSG00000161203,AP2M1,AMP-AD,MSSM - Zhang Lab,MSBB,Protein,
ENSG00000103723,AP3B2,AMP-AD,Emory,"ACT, BLSA, Banner",Protein,
ENSG00000065000,AP3D1,AMP-AD,Emory,"ACT, BLSA, Banner",Protein,
ENSG00000130208,APOC1,AMP-AD,Duke,ADNI,"Genetics, Metabolomics",
ENSG00000130208,APOC1,AMP-AD,MSSM - Roussos Lab,FreshMicro,RNA,
ENSG00000189058,APOD,AMP-AD,Mayo-UFL-ISB,APP Mice,Protein,
ENSG00000130203,APOE,AMP-AD,Mayo-UFL-ISB,APP Mice,Protein,
ENSG00000130203,APOE,AMP-AD,MSSM - Roussos Lab,HBI_scRNAseq,RNA,
ENSG00000130203,APOE,AMP-AD,ASU,VirusResilience,RNA,
ENSG00000130203,APOE,AMP-AD,Duke,,"Metabolomics, Genetics, RNA, Protein, Phenomics",
ENSG00000130203,APOE,TREAT-AD,Emory-Sage-SGC,"Banner, ROSMAP, MSBB, Emory",Protein,
ENSG00000142192,APP,TREAT-AD,Emory-Sage-SGC,"Banner, ROSMAP, MSBB, Emory",Protein,
ENSG00000140750,ARHGAP17,AMP-AD,Duke,,"Metabolomics, Genetics, RNA, Protein, Phenomics",
ENSG00000137727,ARHGAP20,AMP-AD,ASU,VirusResilience,RNA,
ENSG00000145819,ARHGAP26,Community,Chang Lab,"ROSMAP, MSBB","Genetics, RNA, Protein",
ENSG00000186517,ARHGAP30,TREAT-AD,IUSM-Purdue,"GSE5281, GSE48350, GSE33000, GSE44772, ROSMAP, MSBB, Mayo, ABA",RNA,
ENSG00000111348,ARHGDIB,TREAT-AD,IUSM-Purdue,"GSE5281, GSE48350, GSE33000, GSE44772, ROSMAP, MSBB, Mayo, ABA",RNA,
ENSG00000116584,ARHGEF2,TREAT-AD,Emory-Sage-SGC,,"Risk Scores, Pathway Modeling",
ENSG00000150347,ARID5B,AMP-AD,MSSM - Roussos Lab,HBI_scRNAseq,RNA,
ENSG00000130429,ARPC1B,TREAT-AD,IUSM-Purdue,"GSE5281, GSE48350, GSE33000, GSE44772, ROSMAP, MSBB, Mayo, ABA",RNA,
ENSG00000104763,ASAH1,AMP-AD,Duke,,"Metabolomics, Genetics, RNA, Protein, Phenomics",
ENSG00000153317,ASAP1,AMP-AD,MSSM - Roussos Lab,HBI_scRNAseq,RNA,
ENSG00000066279,ASPM,AMP-AD,Duke,ADNI,"Genetics, Metabolomics",
ENSG00000152092,ASTN1,AMP-AD,MSSM - Roussos Lab,HBI_scRNAseq,RNA,
ENSG00000167654,ATCAY,AMP-AD,Emory,"ACT, BLSA, Banner",Protein,
ENSG00000184743,ATL3,AMP-AD,Duke,,"Metabolomics, Genetics, RNA, Protein, Phenomics",
ENSG00000105409,ATP1A3,AMP-AD,Columbia-Rush,ROSMAP,"Protein, Clinical",
ENSG00000143153,ATP1B1,Community,Chang Lab,"ROSMAP, Mayo, Kronos, Rush, MSBB","Genetics, RNA, Protein",
ENSG00000143153,ATP1B1,AMP-AD,Columbia-Rush,ROSMAP,"Protein, Clinical",
ENSG00000069849,ATP1B3,AMP-AD,MSSM - Roussos Lab,HBI_scRNAseq,RNA,
ENSG00000174437,ATP2A2,AMP-AD,Columbia-Rush,ROSMAP,"Protein, Clinical",
ENSG00000174437,ATP2A2,AMP-AD,Emory,"ACT, BLSA, Banner",Protein,
ENSG00000070961,ATP2B1,AMP-AD,Emory,"ACT, BLSA, Banner",Protein,
ENSG00000070961,ATP2B1,AMP-AD,MSSM - Zhang Lab,MSBB,"Genetics, RNA",
ENSG00000157087,ATP2B2,AMP-AD,Emory,"ACT, BLSA, Banner",Protein,
ENSG00000241837,ATP5PO,Community,Chang Lab,"Rush, MSBB","Genetics, RNA, Protein",
ENSG00000033627,ATP6V0A1,AMP-AD,Emory,"ACT, BLSA, Banner",Protein,
ENSG00000159720,ATP6V0D1,AMP-AD,Emory,"ACT, BLSA, Banner",Protein,
ENSG00000114573,ATP6V1A,Community,Chang Lab,"Mayo, ROSMAP, Kronos, Rush, MSBB","Genetics, RNA, Protein",
ENSG00000114573,ATP6V1A,AMP-AD,MSSM - Zhang Lab,MSBB,"Genetics, RNA",
ENSG00000147416,ATP6V1B2,Community,Chang Lab,"ROSMAP, Rush, MSBB","Genetics, RNA, Protein",
ENSG00000131100,ATP6V1E1,AMP-AD,MSSM - Zhang Lab,MSBB,"Genetics, RNA",
ENSG00000250565,ATP6V1E2,AMP-AD,MSSM - Zhang Lab,MSBB,Protein,
ENSG00000047249,ATP6V1H,AMP-AD,Emory,"ACT, BLSA, Banner",Protein,
ENSG00000156735,BAG4,AMP-AD,MSSM - Zhang Lab,MSBB,"Genetics, RNA",
ENSG00000175866,BAIAP2,AMP-AD,Emory,"ACT, BLSA, Banner",Protein,
ENSG00000114439,BBX,AMP-AD,MSSM - Roussos Lab,HBI_scRNAseq,RNA,
ENSG00000187244,BCAM,AMP-AD,ASU,VirusResilience,RNA,
ENSG00000064787,BCAS1,Community,Chang Lab,MSBB,"Genetics, Protein",
ENSG00000103507,BCKDK,AMP-AD,ASU,VirusResilience,RNA,
ENSG00000171791,BCL2,Community,Chang Lab,ROSMAP,"Genetics, RNA",
ENSG00000164039,BDH2,AMP-AD,Emory,"Banner, ROSMAP, MSBB, Emory",Protein,
ENSG00000164039,BDH2,TREAT-AD,Emory-Sage-SGC,"Banner, ROSMAP, MSBB, Emory",Protein,
ENSG00000176697,BDNF,AMP-AD,Mayo-UFL-ISB,Mayo,RNA,
ENSG00000136717,BIN1,AMP-AD,Duke,ADNI,"Genetics, Metabolomics",
ENSG00000136717,BIN1,AMP-AD,Mayo-UFL-ISB,Mayo,RNA,
ENSG00000136717,BIN1,AMP-AD,ASU,VirusResilience,RNA,
ENSG00000136717,BIN1,TREAT-AD,Emory-Sage-SGC,,"Genetics, RNA, Protein",
ENSG00000135441,BLOC1S1,AMP-AD,ASU,ROSMAP,"Genetics, RNA, Protein",
ENSG00000164619,BMPER,AMP-AD,ASU,VirusResilience,RNA,
ENSG00000198797,BRINP2,AMP-AD,MSSM - Roussos Lab,HBI_scRNAseq,RNA,
ENSG00000168000,BSCL2,AMP-AD,Duke,,"Metabolomics, Genetics, RNA, Protein, Phenomics",
ENSG00000164061,BSN,AMP-AD,Emory,"ACT, BLSA, Banner",Protein,
ENSG00000189195,BTBD8,AMP-AD,MSSM - Zhang Lab,MSBB,Protein,
ENSG00000010671,BTK,TREAT-AD,IUSM-Purdue,"GSE5281, GSE48350, GSE33000, GSE44772, ROSMAP, MSBB, Mayo, ABA",RNA,
ENSG00000173372,C1QA,TREAT-AD,IUSM-Purdue,"GSE5281, GSE48350, GSE33000, GSE44772, ROSMAP, MSBB, Mayo, ABA",RNA,
ENSG00000173369,C1QB,TREAT-AD,IUSM-Purdue,"GSE5281, GSE48350, GSE33000, GSE44772, ROSMAP, MSBB, Mayo, ABA",RNA,
ENSG00000172247,C1QTNF4,AMP-AD,Columbia-Rush,ROSMAP,"Genetics, RNA, Protein, Clinical",
ENSG00000172247,C1QTNF4,AMP-AD,Mayo-UFL-ISB,Mayo,RNA,
ENSG00000125730,C3,TREAT-AD,IUSM-Purdue,"GSE5281, GSE48350, GSE33000, GSE44772, ROSMAP, MSBB, Mayo, ABA",RNA,
ENSG00000171860,C3AR1,TREAT-AD,IUSM-Purdue,"GSE5281, GSE48350, GSE33000, GSE44772, ROSMAP, MSBB, Mayo, ABA",RNA,
ENSG00000244731,C4A,AMP-AD,Columbia-Rush,ROSMAP,"Genetics, RNA, Protein, Clinical",
ENSG00000244731,C4A,TREAT-AD,Emory-Sage-SGC,"ACT, BLSA, Banner","Protein, RNA",
ENSG00000141837,CACNA1A,AMP-AD,MSSM - Roussos Lab,HBI_scRNAseq,RNA,
ENSG00000182389,CACNB4,AMP-AD,MSSM - Zhang Lab,MSBB,"Genetics, RNA",
ENSG00000182389,CACNB4,AMP-AD,MSSM - Roussos Lab,HBI_scRNAseq,RNA,
ENSG00000182985,CADM1,AMP-AD,MSSM - Roussos Lab,HBI_scRNAseq,RNA,
ENSG00000175161,CADM2,AMP-AD,ASU,VirusResilience,RNA,
ENSG00000163618,CADPS,AMP-AD,Columbia-Rush,ROSMAP,"Protein, Clinical",
ENSG00000122786,CALD1,AMP-AD,MSSM - Zhang Lab,MSBB,Protein,
ENSG00000110931,CAMKK2,AMP-AD,MSSM - Zhang Lab,MSBB,"Genetics, RNA",
ENSG00000162909,CAPN2,AMP-AD,Emory,"ACT, BLSA, Banner",Protein,
ENSG00000162909,CAPN2,TREAT-AD,Emory-Sage-SGC,"ACT, BLSA, Banner",Protein,
ENSG00000153048,CARHSP1,AMP-AD,Emory,"Banner, ROSMAP","Genetics, Protein",
ENSG00000087589,CASS4,AMP-AD,MSSM - Roussos Lab,FreshMicro,"Genetics, RNA",
ENSG00000110395,CBL,Community,Chang Lab,ROSMAP,"Genetics, RNA",
ENSG00000108091,CCDC6,AMP-AD,Emory,"https://doi.org/10.1038/s41588-018-0311-9, https://doi.org/10.1038/s41588-019-0358-2","Genetics, Protein",
ENSG00000179071,CCDC89,AMP-AD,ASU,VirusResilience,RNA,
ENSG00000132141,CCT6B,Community,Chang Lab,Mayo,"Genetics, RNA",
ENSG00000012124,CD22,AMP-AD,Mayo-UFL-ISB,"ROSMAP, Mayo, MC-CAA, GSE197305","RNA, Protein",
ENSG00000198087,CD2AP,AMP-AD,Emory,"https://doi.org/10.1038/s41588-018-0311-9, https://doi.org/10.1038/s41588-019-0358-2","Genetics, Protein",
ENSG00000167851,CD300A,TREAT-AD,IUSM-Purdue,"GSE5281, GSE48350, GSE33000, GSE44772, ROSMAP, MSBB, Mayo, ABA",RNA,
ENSG00000105383,CD33,AMP-AD,Mayo-UFL-ISB,Mayo,RNA,
ENSG00000026508,CD44,AMP-AD,Emory,"ACT, BLSA, Banner",Protein,
ENSG00000026508,CD44,TREAT-AD,Emory-Sage-SGC,"ACT, BLSA, Banner",Protein,
ENSG00000196776,CD47,AMP-AD,MSSM - Roussos Lab,HBI_scRNAseq,RNA,
ENSG00000019582,CD74,TREAT-AD,IUSM-Purdue,"GSE5281, GSE48350, GSE33000, GSE44772, ROSMAP, MSBB, Mayo, ABA",RNA,
ENSG00000110651,CD81,AMP-AD,MSSM - Roussos Lab,FreshMicro,RNA,
ENSG00000114013,CD86,TREAT-AD,IUSM-Purdue,"GSE5281, GSE48350, GSE33000, GSE44772, ROSMAP, MSBB, Mayo, ABA",RNA,
ENSG00000158985,CDC42SE2,AMP-AD,Duke,"AIBL, ADNI","Metabolomics, Genetics",
ENSG00000144354,CDCA7,AMP-AD,Duke,ADNI,"Genetics, Metabolomics",
ENSG00000163814,CDCP1,AMP-AD,ASU,VirusResilience,RNA,
ENSG00000149654,CDH22,AMP-AD,Duke,ADNI,"Genetics, Metabolomics",
ENSG00000107736,CDH23,AMP-AD,MSSM - Roussos Lab,HBI_scRNAseq,RNA,
ENSG00000117266,CDK18,Community,Chang Lab,"Mayo, ROSMAP, Kronos, Rush","Genetics, RNA",
ENSG00000117266,CDK18,AMP-AD,Mayo-UFL-ISB,"ROSMAP, Mayo, MC-CAA, GSE197305","RNA, Protein",
ENSG00000155111,CDK19,AMP-AD,Duke,"AIBL, ADNI","Metabolomics, Genetics",
ENSG00000153046,CDYL,AMP-AD,Duke,ADNI,"Genetics, Metabolomics",
ENSG00000099954,CECR2,AMP-AD,MSSM - Roussos Lab,FreshMicro,RNA,
ENSG00000149187,CELF1,AMP-AD,ASU,ROSMAP,"Genetics, RNA, Protein",
ENSG00000099814,CEP170B,AMP-AD,MSSM - Zhang Lab,MSBB,Protein,
ENSG00000167123,CERCAM,AMP-AD,Mayo-UFL-ISB,Mayo,RNA,
ENSG00000090661,CERS4,AMP-AD,Duke,"AIBL, ADNI","Metabolomics, Genetics",
ENSG00000172292,CERS6,AMP-AD,MSSM - Roussos Lab,HBI_scRNAseq,RNA,
ENSG00000087237,CETP,AMP-AD,Duke,ADNI,"Genetics, Metabolomics",
ENSG00000000971,CFH,AMP-AD,Mayo-UFL-ISB,Mayo,RNA,
ENSG00000205403,CFI,AMP-AD,Mayo-UFL-ISB,Mayo,RNA,
ENSG00000100399,CHADL,AMP-AD,Columbia-Rush,ROSMAP,"Genetics, RNA, Protein, Clinical",
ENSG00000100399,CHADL,AMP-AD,Emory,"syn20933797, syn52525880",Protein,
ENSG00000106554,CHCHD3,Community,Chang Lab,MSBB,"Genetics, Protein",
ENSG00000175264,CHST1,AMP-AD,ASU,VirusResilience,RNA,
ENSG00000171310,CHST11,Community,Chang Lab,ROSMAP,"Genetics, RNA",
ENSG00000198108,CHSY3,AMP-AD,Duke,"AIBL, ADNI","Metabolomics, Genetics",
ENSG00000099622,CIRBP,Community,Chang Lab,"Mayo, ROSMAP, Kronos","Genetics, RNA",
ENSG00000099622,CIRBP,AMP-AD,MSSM - Roussos Lab,HBI_scRNAseq,RNA,
ENSG00000122873,CISD1,AMP-AD,Duke,ADNI,"Genetics, Metabolomics",
ENSG00000163815,CLEC3B,AMP-AD,ASU,VirusResilience,RNA,
ENSG00000213719,CLIC1,Community,Chang Lab,"ROSMAP, Mayo, Kronos, Rush","Genetics, RNA",
ENSG00000213719,CLIC1,AMP-AD,MSSM - Zhang Lab,MSBB,"Genetics, RNA",
ENSG00000070371,CLTCL1,AMP-AD,MSSM - Zhang Lab,MSBB,Protein,
ENSG00000120885,CLU,AMP-AD,Columbia-Rush,ROSMAP,"Protein, Clinical",
ENSG00000120885,CLU,AMP-AD,Duke,ADNI,"Genetics, Metabolomics",
ENSG00000120885,CLU,AMP-AD,Mayo-UFL-ISB,APP Mice,Protein,
ENSG00000120885,CLU,AMP-AD,MSSM - Roussos Lab,FreshMicro,"Genetics, RNA",
ENSG00000149970,CNKSR2,AMP-AD,MSSM - Zhang Lab,MSBB,"Genetics, RNA",
ENSG00000117519,CNN3,TREAT-AD,Emory-Sage-SGC,"ACT, BLSA, Banner","Protein, RNA",
ENSG00000173786,CNP,AMP-AD,Mayo-UFL-ISB,Mayo,RNA,
ENSG00000174469,CNTNAP2,AMP-AD,Duke,ADNI,"Genetics, Metabolomics",
ENSG00000155052,CNTNAP5,AMP-AD,ASU,VirusResilience,RNA,
ENSG00000060718,COL11A1,AMP-AD,Emory,"Banner, ROSMAP, MSBB, Emory","Protein, Clinical",
ENSG00000060718,COL11A1,TREAT-AD,Emory-Sage-SGC,"Banner, ROSMAP, MSBB, Emory",Protein,
ENSG00000182871,COL18A1,AMP-AD,ASU,VirusResilience,RNA,
ENSG00000164692,COL1A2,AMP-AD,MSSM - Zhang Lab,MSBB,"Genetics, RNA",
ENSG00000188517,COL25A1,AMP-AD,Emory,"Banner, ROSMAP, MSBB, Emory",Protein,
ENSG00000188517,COL25A1,AMP-AD,Mayo-UFL-ISB,APP Mice,Protein,
ENSG00000188517,COL25A1,TREAT-AD,Emory-Sage-SGC,"Banner, ROSMAP, MSBB, Emory",Protein,
ENSG00000188517,COL25A1,TREAT-AD,Emory-Sage-SGC,"Banner, ROSMAP, MSBB, Emory",Protein,
ENSG00000081052,COL4A4,AMP-AD,ASU,VirusResilience,RNA,
ENSG00000130635,COL5A1,AMP-AD,Emory,"syn20933797, syn52525880",Protein,
ENSG00000110880,CORO1C,AMP-AD,MSSM - Roussos Lab,HBI_scRNAseq,RNA,
ENSG00000103187,COTL1,AMP-AD,MSSM - Zhang Lab,MSBB,Protein,
ENSG00000131143,COX4I1,AMP-AD,MSSM - Zhang Lab,MSBB,Protein,
ENSG00000135940,COX5B,AMP-AD,Columbia-Rush,ROSMAP,"Protein, Clinical",
ENSG00000126267,COX6B1,Community,Chang Lab,"Kronos, MSBB","Genetics, RNA, Protein",
ENSG00000168993,CPLX1,AMP-AD,Columbia-Rush,ROSMAP,"Protein, Clinical",
ENSG00000168993,CPLX1,AMP-AD,Emory,"https://doi.org/10.1038/s41588-018-0311-9, https://doi.org/10.1038/s41588-019-0358-2","Genetics, Protein",
ENSG00000203710,CR1,AMP-AD,Mayo-UFL-ISB,Mayo,RNA,
ENSG00000147571,CRH,AMP-AD,Mayo-UFL-ISB,Mayo,RNA,
ENSG00000120088,CRHR1,AMP-AD,Mayo-UFL-ISB,Mayo,RNA,
ENSG00000062485,CS,Community,Chang Lab,MSBB,"Genetics, Protein",
ENSG00000062485,CS,AMP-AD,Columbia-Rush,ROSMAP,"Protein, Clinical",
ENSG00000184371,CSF1,AMP-AD,Mayo-UFL-ISB,Mayo,RNA,
ENSG00000182578,CSF1R,AMP-AD,Mayo-UFL-ISB,Mayo,RNA,
ENSG00000182578,CSF1R,TREAT-AD,IUSM-Purdue,"GSE5281, GSE48350, GSE33000, GSE44772, ROSMAP, MSBB, Mayo, ABA",RNA,
ENSG00000119535,CSF3R,TREAT-AD,IUSM-Purdue,"GSE5281, GSE48350, GSE33000, GSE44772, ROSMAP, MSBB, Mayo, ABA",RNA,
ENSG00000183117,CSMD1,AMP-AD,Duke,ADNI,"Genetics, Metabolomics",
ENSG00000183117,CSMD1,AMP-AD,MSSM - Zhang Lab,MSBB,"Genetics, RNA",
ENSG00000159176,CSRP1,AMP-AD,Columbia-Rush,ROSMAP,"Protein, Clinical",
ENSG00000164932,CTHRC1,AMP-AD,Emory,"Banner, ROSMAP, MSBB, Emory",Protein,
ENSG00000163599,CTLA4,AMP-AD,Mayo-UFL-ISB,Mayo,RNA,
ENSG00000103811,CTSH,AMP-AD,Emory,"Banner, ROSMAP","Genetics, Protein",
ENSG00000103811,CTSH,TREAT-AD,Emory-Sage-SGC,"Banner, ROSMAP","Protein, Genetics",
ENSG00000103811,CTSH,AMP-AD,Emory,"https://doi.org/10.1038/s41588-018-0311-9, https://doi.org/10.1038/s41588-019-0358-2","Genetics, Protein",
ENSG00000163131,CTSS,TREAT-AD,IUSM-Purdue,"GSE5281, GSE48350, GSE33000, GSE44772, ROSMAP, MSBB, Mayo, ABA",RNA,
ENSG00000006210,CX3CL1,AMP-AD,Mayo-UFL-ISB,Mayo,RNA,
ENSG00000168329,CX3CR1,AMP-AD,Mayo-UFL-ISB,Mayo,RNA,
ENSG00000169245,CXCL10,AMP-AD,Mayo-UFL-ISB,Mayo,RNA,
ENSG00000051523,CYBA,Community,Chang Lab,"Mayo, ROSMAP, Kronos, Rush","Genetics, RNA",
ENSG00000051523,CYBA,TREAT-AD,IUSM-Purdue,"GSE5281, GSE48350, GSE33000, GSE44772, ROSMAP, MSBB, Mayo, ABA",RNA,
ENSG00000165168,CYBB,TREAT-AD,IUSM-Purdue,"GSE5281, GSE48350, GSE33000, GSE44772, ROSMAP, MSBB, Mayo, ABA",RNA,
ENSG00000055163,CYFIP2,AMP-AD,Emory,"ACT, BLSA, Banner",Protein,
ENSG00000137869,CYP19A1,AMP-AD,Duke,ADNI,"Genetics, Metabolomics",
ENSG00000135929,CYP27A1,AMP-AD,Duke,ADNI,"Genetics, Metabolomics",
ENSG00000021461,CYP3A43,AMP-AD,Duke,ADNI,"Genetics, Metabolomics",
ENSG00000170891,CYTL1,TREAT-AD,IUSM-Purdue,"GSE5281, GSE48350, GSE33000, GSE44772, ROSMAP, MSBB, Mayo, ABA",RNA,
ENSG00000100592,DAAM1,AMP-AD,MSSM - Roussos Lab,HBI_scRNAseq,RNA,
ENSG00000146122,DAAM2,AMP-AD,MSSM - Zhang Lab,MSBB,"Genetics, RNA",
ENSG00000173402,DAG1,AMP-AD,Emory,"Banner, ROSMAP, MSBB, Emory",Protein,
ENSG00000173402,DAG1,TREAT-AD,Emory-Sage-SGC,"Banner, ROSMAP, MSBB, Emory",Protein,
ENSG00000134780,DAGLA,AMP-AD,Duke,,"Metabolomics, Genetics, RNA, Protein, Phenomics",
ENSG00000132676,DAP3,AMP-AD,Columbia-Rush,ROSMAP,"Protein, Clinical",
ENSG00000204209,DAXX,AMP-AD,Columbia-Rush,ROSMAP,"Genetics, RNA, Protein, Clinical",
ENSG00000155368,DBI,AMP-AD,Columbia-Rush,ROSMAP,"Protein, Clinical",
ENSG00000155368,DBI,AMP-AD,Emory,"ACT, BLSA, Banner",Protein,
ENSG00000155368,DBI,AMP-AD,MSSM - Zhang Lab,MSBB,"Genetics, Protein",
ENSG00000137992,DBT,AMP-AD,Columbia-Rush,ROSMAP,"Protein, Clinical",
ENSG00000198876,DCAF12,Community,Chang Lab,"Mayo, ROSMAP","Genetics, RNA",
ENSG00000197410,DCHS2,AMP-AD,ASU,VirusResilience,RNA,
ENSG00000133083,DCLK1,AMP-AD,Emory,"ACT, BLSA, Banner",Protein,
ENSG00000170390,DCLK2,AMP-AD,MSSM - Roussos Lab,HBI_scRNAseq,RNA,
ENSG00000011465,DCN,AMP-AD,MSSM - Zhang Lab,MSBB,"Genetics, RNA",
ENSG00000204843,DCTN1,AMP-AD,Emory,"ACT, BLSA, Banner",Protein,
ENSG00000213722,DDAH2,AMP-AD,Columbia-Rush,ROSMAP,"Protein, Clinical",
ENSG00000213722,DDAH2,AMP-AD,Emory,"ACT, BLSA, Banner",Protein,
ENSG00000167986,DDB1,AMP-AD,Duke,,"Metabolomics, Genetics, RNA, Protein, Phenomics",
ENSG00000203797,DDO,AMP-AD,Duke,"AIBL, ADNI","Metabolomics, Genetics",
ENSG00000162733,DDR2,AMP-AD,Mayo-UFL-ISB,"Mayo, MC-BrAD, TAUAPPms","Genetics, RNA",
ENSG00000079785,DDX1,TREAT-AD,Emory-Sage-SGC,,"Risk Scores, Pathway Modeling",
ENSG00000213047,DENND1B,AMP-AD,MSSM - Roussos Lab,HBI_scRNAseq,RNA,
ENSG00000100418,DESI1,AMP-AD,Columbia-Rush,ROSMAP,"Genetics, RNA, Protein, Clinical",
ENSG00000116133,DHCR24,AMP-AD,Duke,ADNI,"Genetics, Metabolomics",
ENSG00000278535,DHRS11,AMP-AD,Columbia-Rush,ROSMAP,"Genetics, RNA, Protein, Clinical",
ENSG00000181192,DHTKD1,AMP-AD,Duke,ADNI,"Genetics, Metabolomics",
ENSG00000108771,DHX58,TREAT-AD,Emory-Sage-SGC,,"Risk Scores, Pathway Modeling",
ENSG00000176490,DIRAS1,AMP-AD,Columbia-Rush,ROSMAP,"Protein, Clinical",
ENSG00000162946,DISC1,AMP-AD,ASU,VirusResilience,RNA,
ENSG00000150768,DLAT,TREAT-AD,Emory-Sage-SGC,,"Genetics, RNA, Protein",
ENSG00000091140,DLD,AMP-AD,Columbia-Rush,ROSMAP,"Protein, Clinical",
ENSG00000150672,DLG2,AMP-AD,Duke,ADNI,"Genetics, Metabolomics",
ENSG00000132535,DLG4,AMP-AD,Emory,"ACT, BLSA, Banner",Protein,
ENSG00000170579,DLGAP1,AMP-AD,MSSM - Zhang Lab,MSBB,"Genetics, RNA",
ENSG00000198010,DLGAP2,Resilience-AD,JAX-VUMC-UW Resilience,"Diversity outbred mice, ROSMAP","Genetics, RNA, Protein, Clinical",
ENSG00000198010,DLGAP2,AMP-AD,MSSM - Zhang Lab,MSBB,Protein,
ENSG00000104093,DMXL2,AMP-AD,Emory,"ACT, BLSA, Banner",Protein,
ENSG00000116675,DNAJC6,Community,Chang Lab,"ROSMAP, MSBB","Genetics, RNA, Protein",
ENSG00000256453,DND1,AMP-AD,Columbia-Rush,ROSMAP,"Genetics, RNA, Protein, Clinical",
ENSG00000106976,DNM1,Community,Chang Lab,"Mayo, ROSMAP, Kronos","Genetics, RNA, Protein",
ENSG00000106976,DNM1,AMP-AD,Emory,"ACT, BLSA, Banner",Protein,
ENSG00000106976,DNM1,AMP-AD,MSSM - Zhang Lab,MSBB,"Genetics, RNA",
ENSG00000087470,DNM1L,AMP-AD,MSSM - Zhang Lab,MSBB,Protein,
ENSG00000079805,DNM2,Community,Chang Lab,MSBB,"Genetics, Protein",
ENSG00000197959,DNM3,AMP-AD,Emory,"ACT, BLSA, Banner",Protein,
ENSG00000149927,DOC2A,AMP-AD,Emory,"Banner, ROSMAP","Genetics, Protein",
ENSG00000149927,DOC2A,AMP-AD,Emory,"https://doi.org/10.1038/s41588-018-0311-9, https://doi.org/10.1038/s41588-019-0358-2","Genetics, Protein",
ENSG00000150760,DOCK1,Community,Chang Lab,ROSMAP,"Genetics, RNA",
ENSG00000134516,DOCK2,AMP-AD,MSSM - Zhang Lab,MSBB,"Genetics, RNA",
ENSG00000134516,DOCK2,TREAT-AD,IUSM-Purdue,"GSE5281, GSE48350, GSE33000, GSE44772, ROSMAP, MSBB, Mayo, ABA",RNA,
ENSG00000088538,DOCK3,AMP-AD,MSSM - Zhang Lab,MSBB,"Genetics, RNA",
ENSG00000128512,DOCK4,AMP-AD,Duke,ADNI,"Genetics, Metabolomics",
ENSG00000116641,DOCK7,AMP-AD,Duke,"AIBL, ADNI","Metabolomics, Genetics",
ENSG00000107099,DOCK8,TREAT-AD,IUSM-Purdue,"GSE5281, GSE48350, GSE33000, GSE44772, ROSMAP, MSBB, Mayo, ABA",RNA,
ENSG00000175497,DPP10,AMP-AD,Duke,ADNI,"Genetics, Metabolomics",
ENSG00000130226,DPP6,Community,Chang Lab,"Mayo, MSBB","Genetics, RNA, Protein",
ENSG00000130226,DPP6,AMP-AD,Emory,"ACT, BLSA, Banner",Protein,
ENSG00000162961,DPY30,AMP-AD,Mayo-UFL-ISB,APP Mice,Protein,
ENSG00000188641,DPYD,AMP-AD,MSSM - Roussos Lab,HBI_scRNAseq,RNA,
ENSG00000147647,DPYS,AMP-AD,MSSM - Roussos Lab,HBI_scRNAseq,RNA,
ENSG00000113657,DPYSL3,AMP-AD,Emory,"ACT, BLSA, Banner",Protein,
ENSG00000134769,DTNA,AMP-AD,MSSM - Zhang Lab,MSBB,"Genetics, Protein",
ENSG00000163840,DTX3L,AMP-AD,MSSM - Zhang Lab,MSBB,"Genetics, RNA",
ENSG00000158560,DYNC1I1,Community,Chang Lab,"Mayo, ROSMAP, Kronos, Rush","Genetics, RNA",
ENSG00000158560,DYNC1I1,AMP-AD,MSSM - Zhang Lab,MSBB,"Genetics, RNA",
ENSG00000138036,DYNC2LI1,Community,Chang Lab,"ROSMAP, Mayo, Kronos, Rush","Genetics, RNA",
ENSG00000117298,ECE1,AMP-AD,Emory,"Banner, ROSMAP, MSBB, Emory",Protein,
ENSG00000117298,ECE1,TREAT-AD,Emory-Sage-SGC,"Banner, ROSMAP, MSBB, Emory",Protein,
ENSG00000158813,EDA,AMP-AD,MSSM - Roussos Lab,HBI_scRNAseq,RNA,
ENSG00000135960,EDAR,AMP-AD,ASU,VirusResilience,RNA,
ENSG00000169242,EFNA1,AMP-AD,Duke,ADNI,"Genetics, Metabolomics",
ENSG00000184349,EFNA5,AMP-AD,Duke,ADNI,"Genetics, Metabolomics",
ENSG00000107105,ELAVL2,AMP-AD,MSSM - Zhang Lab,MSBB,"Genetics, RNA",
ENSG00000162374,ELAVL4,AMP-AD,MSSM - Zhang Lab,MSBB,"Genetics, RNA",
ENSG00000118985,ELL2,AMP-AD,MSSM - Roussos Lab,HBI_scRNAseq,RNA,
ENSG00000197977,ELOVL2,AMP-AD,Duke,"AIBL, ADNI","Metabolomics, Genetics",
ENSG00000164778,EN2,AMP-AD,ASU,VirusResilience,RNA,
ENSG00000171617,ENC1,AMP-AD,MSSM - Zhang Lab,MSBB,"Genetics, RNA",
ENSG00000074800,ENO1,AMP-AD,Emory,"ACT, BLSA, Banner",Protein,
ENSG00000108515,ENO3,AMP-AD,Duke,,"Metabolomics, Genetics, RNA, Protein, Phenomics",
ENSG00000132199,ENOSF1,AMP-AD,MSSM - Roussos Lab,HBI_scRNAseq,RNA,
ENSG00000082397,EPB41L3,AMP-AD,Emory,"ACT, BLSA, Banner",Protein,
ENSG00000082397,EPB41L3,AMP-AD,MSSM - Zhang Lab,MSBB,Protein,
ENSG00000146904,EPHA1,AMP-AD,Duke,ADNI,"Genetics, Metabolomics",
ENSG00000146904,EPHA1,AMP-AD,Mayo-UFL-ISB,Mayo,RNA,
ENSG00000229153,EPHA1-AS1,AMP-AD,MSSM - Roussos Lab,FreshMicro,"Genetics, RNA",
ENSG00000145242,EPHA5,AMP-AD,Duke,ADNI,"Genetics, Metabolomics",
ENSG00000143819,EPHX1,AMP-AD,Duke,,Genetics,
ENSG00000120915,EPHX2,TREAT-AD,Emory-Sage-SGC,"Banner, ROSMAP","Protein, Genetics",
ENSG00000120915,EPHX2,AMP-AD,Duke,,Genetics,
ENSG00000065361,ERBB3,AMP-AD,Columbia-Rush,ROSMAP,"Genetics, RNA, Protein, Clinical",
ENSG00000065361,ERBB3,AMP-AD,Mayo-UFL-ISB,Mayo,RNA,
ENSG00000065361,ERBB3,AMP-AD,ASU,VirusResilience,RNA,
ENSG00000178568,ERBB4,AMP-AD,Mayo-UFL-ISB,Mayo,RNA,
ENSG00000112851,ERBIN,AMP-AD,MSSM - Zhang Lab,MSBB,Protein,
ENSG00000187672,ERC2,AMP-AD,MSSM - Zhang Lab,MSBB,"Genetics, RNA",
ENSG00000196482,ESRRG,AMP-AD,Duke,ADNI,"Genetics, Metabolomics",
ENSG00000140374,ETFA,AMP-AD,Columbia-Rush,ROSMAP,"Protein, Clinical",
ENSG00000283632,EXOC3L2,AMP-AD,Duke,ADNI,"Genetics, Metabolomics",
ENSG00000112319,EYA4,AMP-AD,ASU,VirusResilience,RNA,
ENSG00000092820,EZR,AMP-AD,MSSM - Zhang Lab,MSBB,"Genetics, Protein",
ENSG00000103089,FA2H,AMP-AD,Mayo-UFL-ISB,Mayo,RNA,
ENSG00000117480,FAAH,AMP-AD,Duke,,Genetics,
ENSG00000149485,FADS1,AMP-AD,Duke,ADNI,"Genetics, Metabolomics",
ENSG00000134824,FADS2,AMP-AD,Duke,ADNI,"Genetics, Metabolomics",
ENSG00000221968,FADS3,AMP-AD,Duke,"AIBL, ADNI","Metabolomics, Genetics",
ENSG00000231584,FAHD2CP,Community,Chang Lab,Mayo,"Genetics, RNA",
ENSG00000168309,FAM107A,AMP-AD,Mayo-UFL-ISB,Mayo,RNA,
ENSG00000166801,FAM111A,AMP-AD,MSSM - Zhang Lab,MSBB,"Genetics, RNA",
ENSG00000143340,FAM163A,AMP-AD,ASU,VirusResilience,RNA,
ENSG00000105523,FAM83E,AMP-AD,ASU,VirusResilience,RNA,
ENSG00000198690,FAN1,Community,Chang Lab,"Mayo, ROSMAP","Genetics, RNA",
ENSG00000179115,FARSA,AMP-AD,Duke,,"Metabolomics, Genetics, RNA, Protein, Phenomics",
ENSG00000127585,FBXL16,AMP-AD,Columbia-Rush,ROSMAP,"Protein, Clinical",
ENSG00000183580,FBXL7,AMP-AD,Duke,"AIBL, ADNI","Metabolomics, Genetics",
ENSG00000163833,FBXO40,AMP-AD,ASU,VirusResilience,RNA,
ENSG00000109670,FBXW7,AMP-AD,MSSM - Zhang Lab,MSBB,"Genetics, RNA",
ENSG00000158869,FCER1G,AMP-AD,Mayo-UFL-ISB,Mayo,RNA,
ENSG00000158869,FCER1G,TREAT-AD,Emory-Sage-SGC,"Banner, ROSMAP","Protein, Genetics",
ENSG00000150337,FCGR1A,AMP-AD,Mayo-UFL-ISB,Mayo,RNA,
ENSG00000143226,FCGR2A,TREAT-AD,IUSM-Purdue,"GSE5281, GSE48350, GSE33000, GSE44772, ROSMAP, MSBB, Mayo, ABA","Genetics, RNA",
ENSG00000149781,FERMT3,AMP-AD,Mayo-UFL-ISB,Mayo,RNA,
ENSG00000113578,FGF1,AMP-AD,MSSM - Zhang Lab,MSBB,Protein,
ENSG00000114279,FGF12,AMP-AD,MSSM - Zhang Lab,MSBB,"Genetics, RNA",
ENSG00000102466,FGF14,AMP-AD,Duke,ADNI,"Genetics, Metabolomics",
ENSG00000138685,FGF2,Resilience-AD,JAX-VUMC-UW Resilience,AD-BXD mice,"RNA, Behavior, Genetics",
ENSG00000172500,FIBP,Community,Chang Lab,"Mayo, ROSMAP, Kronos","Genetics, RNA",
ENSG00000172500,FIBP,AMP-AD,MSSM - Roussos Lab,FreshMicro,"Genetics, RNA",
ENSG00000096060,FKBP5,AMP-AD,Mayo-UFL-ISB,Mayo,RNA,
ENSG00000151702,FLI1,TREAT-AD,IUSM-Purdue,"GSE5281, GSE48350, GSE33000, GSE44772, ROSMAP, MSBB, Mayo, ABA",RNA,
ENSG00000128591,FLNC,AMP-AD,MSSM - Zhang Lab,MSBB,Protein,
ENSG00000102755,FLT1,AMP-AD,Emory,"Banner, ROSMAP, MSBB, Emory",Protein,
ENSG00000102755,FLT1,TREAT-AD,Emory-Sage-SGC,"Banner, ROSMAP, MSBB, Emory",Protein,
ENSG00000178919,FOXE1,AMP-AD,ASU,VirusResilience,RNA,
ENSG00000150907,FOXO1,AMP-AD,Duke,ADNI,"Genetics, Metabolomics",
ENSG00000150907,FOXO1,AMP-AD,MSSM - Roussos Lab,HBI_scRNAseq,RNA,
ENSG00000171051,FPR1,TREAT-AD,IUSM-Purdue,"GSE5281, GSE48350, GSE33000, GSE44772, ROSMAP, MSBB, Mayo, ABA",RNA,
ENSG00000181274,FRAT2,AMP-AD,Columbia-Rush,ROSMAP,"Genetics, RNA, Protein, Clinical",
ENSG00000172159,FRMD3,AMP-AD,Duke,"AIBL, ADNI","Metabolomics, Genetics",
ENSG00000169933,FRMPD4,AMP-AD,MSSM - Zhang Lab,MSBB,"Genetics, RNA",
ENSG00000162998,FRZB,AMP-AD,Emory,"Banner, ROSMAP, MSBB, Emory",Protein,
ENSG00000162998,FRZB,TREAT-AD,Emory-Sage-SGC,"Banner, ROSMAP, MSBB, Emory",Protein,
ENSG00000106328,FSCN3,Community,Chang Lab,"Mayo, ROSMAP","Genetics, RNA",
ENSG00000138757,G3BP2,AMP-AD,MSSM - Zhang Lab,MSBB,Protein,
ENSG00000109458,GAB1,AMP-AD,MSSM - Roussos Lab,HBI_scRNAseq,RNA,
ENSG00000139112,GABARAPL1,Community,Chang Lab,"ROSMAP, Kronos","Genetics, RNA",
ENSG00000022355,GABRA1,AMP-AD,MSSM - Zhang Lab,MSBB,"Genetics, RNA",
ENSG00000151834,GABRA2,AMP-AD,ASU,VirusResilience,RNA,
ENSG00000151834,GABRA2,AMP-AD,Duke,,"Metabolomics, Genetics, RNA, Protein, Phenomics",
ENSG00000109158,GABRA4,AMP-AD,MSSM - Zhang Lab,MSBB,"Genetics, RNA",
ENSG00000145864,GABRB2,AMP-AD,MSSM - Zhang Lab,MSBB,"Genetics, RNA",
ENSG00000113327,GABRG2,AMP-AD,MSSM - Zhang Lab,MSBB,"Genetics, RNA",
ENSG00000128683,GAD1,AMP-AD,MSSM - Zhang Lab,MSBB,"Genetics, RNA",
ENSG00000143641,GALNT2,AMP-AD,MSSM - Roussos Lab,HBI_scRNAseq,RNA,
ENSG00000111640,GAPDH,Community,Chang Lab,"Kronos, Rush, MSBB","Genetics, RNA, Protein",
ENSG00000007237,GAS7,AMP-AD,MSSM - Roussos Lab,HBI_scRNAseq,RNA,
ENSG00000117228,GBP1,AMP-AD,Mayo-UFL-ISB,Mayo,RNA,
ENSG00000162645,GBP2,AMP-AD,Mayo-UFL-ISB,Mayo,RNA,
ENSG00000117226,GBP3,AMP-AD,Mayo-UFL-ISB,Mayo,RNA,
ENSG00000105607,GCDH,AMP-AD,Duke,,"Metabolomics, Genetics, RNA, Protein, Phenomics",
ENSG00000084734,GCKR,AMP-AD,ASU,ROSMAP,"Genetics, RNA, Protein",
ENSG00000119125,GDA,AMP-AD,MSSM - Zhang Lab,MSBB,"Genetics, RNA",
ENSG00000104381,GDAP1,Community,Chang Lab,"Mayo, ROSMAP, Rush","Genetics, RNA",
ENSG00000266524,GDF10,AMP-AD,Mayo-UFL-ISB,Mayo,RNA,
ENSG00000168621,GDNF,AMP-AD,Duke,ADNI,"Genetics, Metabolomics",
ENSG00000131095,GFAP,AMP-AD,Emory,"ACT, BLSA, Banner",Protein,
ENSG00000131095,GFAP,AMP-AD,MSSM - Zhang Lab,MSBB,"Genetics, Protein",
ENSG00000204136,GGTA1,AMP-AD,MSSM - Roussos Lab,HBI_scRNAseq,RNA,
ENSG00000133574,GIMAP4,TREAT-AD,IUSM-Purdue,"GSE5281, GSE48350, GSE33000, GSE44772, ROSMAP, MSBB, Mayo, ABA",RNA,
ENSG00000133561,GIMAP6,TREAT-AD,IUSM-Purdue,"GSE5281, GSE48350, GSE33000, GSE44772, ROSMAP, MSBB, Mayo, ABA",RNA,
ENSG00000171115,GIMAP8,TREAT-AD,IUSM-Purdue,"GSE5281, GSE48350, GSE33000, GSE44772, ROSMAP, MSBB, Mayo, ABA",RNA,
ENSG00000171115,GIMAP8,AMP-AD,MSSM - Roussos Lab,HBI_scRNAseq,RNA,
ENSG00000152661,GJA1,AMP-AD,MSSM - Zhang Lab,HBTRC,"Genetics, RNA",
ENSG00000186417,GLDN,AMP-AD,MSSM - Roussos Lab,HBI_scRNAseq,RNA,
ENSG00000205835,GMNC,AMP-AD,ASU,VirusResilience,RNA,
ENSG00000137198,GMPR,AMP-AD,Emory,"ACT, BLSA, Banner",Protein,
ENSG00000137198,GMPR,AMP-AD,MSSM - Zhang Lab,MSBB,Protein,
ENSG00000069966,GNB5,Community,Chang Lab,MSBB,"Genetics, Protein",
ENSG00000213420,GPC2,AMP-AD,Duke,ADNI,"Genetics, Metabolomics",
ENSG00000179399,GPC5,AMP-AD,Emory,"Banner, ROSMAP, MSBB, Emory",Protein,
ENSG00000179399,GPC5,TREAT-AD,Emory-Sage-SGC,"Banner, ROSMAP, MSBB, Emory",Protein,
ENSG00000183098,GPC6,AMP-AD,Duke,ADNI,"Genetics, Metabolomics",
ENSG00000105220,GPI,AMP-AD,Emory,"ACT, BLSA, Banner",Protein,
ENSG00000046653,GPM6B,AMP-AD,Emory,"ACT, BLSA, Banner",Protein,
ENSG00000136235,GPNMB,AMP-AD,Emory,"Banner, ROSMAP, MSBB, Emory",Protein,
ENSG00000136235,GPNMB,TREAT-AD,Emory-Sage-SGC,"Banner, ROSMAP, MSBB, Emory",Protein,
ENSG00000170775,GPR37,AMP-AD,Mayo-UFL-ISB,Mayo,RNA,
ENSG00000139572,GPR84,AMP-AD,Mayo-UFL-ISB,Mayo,RNA,
ENSG00000213654,GPSM3,TREAT-AD,IUSM-Purdue,"GSE5281, GSE48350, GSE33000, GSE44772, ROSMAP, MSBB, Mayo, ABA",RNA,
ENSG00000155324,GRAMD2B,AMP-AD,MSSM - Zhang Lab,MSBB,"Genetics, RNA",
ENSG00000075240,GRAMD4,AMP-AD,Duke,"AIBL, ADNI","Metabolomics, Genetics",
ENSG00000120251,GRIA2,AMP-AD,Emory,"ACT, BLSA, Banner",Protein,
ENSG00000120251,GRIA2,AMP-AD,MSSM - Zhang Lab,MSBB,"Genetics, RNA",
ENSG00000125675,GRIA3,AMP-AD,MSSM - Zhang Lab,MSBB,Protein,
ENSG00000183454,GRIN2A,AMP-AD,MSSM - Zhang Lab,MSBB,"Genetics, RNA",
ENSG00000273079,GRIN2B,AMP-AD,ASU,VirusResilience,RNA,
ENSG00000148180,GSN,Community,Chang Lab,"ROSMAP, Kronos, Rush, MSBB","Genetics, RNA, Protein",
ENSG00000148180,GSN,AMP-AD,Columbia-Rush,ROSMAP,"Protein, Clinical",
ENSG00000148180,GSN,AMP-AD,MSSM - Zhang Lab,MSBB,Protein,
ENSG00000197448,GSTK1,AMP-AD,Columbia-Rush,ROSMAP,"Protein, Clinical",
ENSG00000164116,GUCY1A1,AMP-AD,MSSM - Roussos Lab,HBI_scRNAseq,RNA,
ENSG00000061918,GUCY1B1,AMP-AD,MSSM - Zhang Lab,MSBB,"Genetics, RNA",
ENSG00000130956,HABP4,AMP-AD,Columbia-Rush,ROSMAP,"Genetics, RNA, Protein, Clinical",
ENSG00000113196,HAND1,AMP-AD,ASU,VirusResilience,RNA,
ENSG00000135077,HAVCR2,TREAT-AD,IUSM-Purdue,"GSE5281, GSE48350, GSE33000, GSE44772, ROSMAP, MSBB, Mayo, ABA",RNA,
ENSG00000101336,HCK,TREAT-AD,IUSM-Purdue,"GSE5281, GSE48350, GSE33000, GSE44772, ROSMAP, MSBB, Mayo, ABA",RNA,
ENSG00000180353,HCLS1,TREAT-AD,IUSM-Purdue,"GSE5281, GSE48350, GSE33000, GSE44772, ROSMAP, MSBB, Mayo, ABA",RNA,
ENSG00000206337,HCP5,AMP-AD,Duke,ADNI,"Genetics, Metabolomics",
ENSG00000116478,HDAC1,AMP-AD,Harvard-MIT,,RNA,
ENSG00000048052,HDAC9,AMP-AD,ASU,VirusResilience,RNA,
ENSG00000051620,HEBP2,AMP-AD,Columbia-Rush,ROSMAP,"Protein, Clinical",
ENSG00000138411,HECW2,Community,Chang Lab,Mayo,"Genetics, RNA",
ENSG00000019991,HGF,AMP-AD,Emory,"syn20933797, syn52525880",Protein,
ENSG00000242574,HLA-DMB,TREAT-AD,IUSM-Purdue,"GSE5281, GSE48350, GSE33000, GSE44772, ROSMAP, MSBB, Mayo, ABA",RNA,
ENSG00000204252,HLA-DOA,TREAT-AD,IUSM-Purdue,"GSE5281, GSE48350, GSE33000, GSE44772, ROSMAP, MSBB, Mayo, ABA",RNA,
ENSG00000179344,HLA-DQB1,AMP-AD,Duke,"AIBL, ADNI","Metabolomics, Genetics",
ENSG00000204287,HLA-DRA,Community,Chang Lab,"ROSMAP, Mayo, Kronos, Rush","Genetics, RNA",
ENSG00000204287,HLA-DRA,TREAT-AD,IUSM-Purdue,"GSE5281, GSE48350, GSE33000, GSE44772, ROSMAP, MSBB, Mayo, ABA",RNA,
ENSG00000196126,HLA-DRB1,AMP-AD,MSSM - Zhang Lab,MSBB,Protein,
ENSG00000135100,HNF1A,AMP-AD,Duke,"AIBL, ADNI","Metabolomics, Genetics",
ENSG00000122566,HNRNPA2B1,AMP-AD,MSSM - Zhang Lab,MSBB,Protein,
ENSG00000099783,HNRNPM,AMP-AD,Emory,"ACT, BLSA, Banner",Protein,
ENSG00000099783,HNRNPM,AMP-AD,MSSM - Zhang Lab,MSBB,Protein,
ENSG00000153187,HNRNPU,AMP-AD,Emory,"ACT, BLSA, Banner",Protein,
ENSG00000152413,HOMER1,Community,Chang Lab,"Mayo, ROSMAP, Kronos, Rush","Genetics, RNA",
ENSG00000152413,HOMER1,AMP-AD,Emory,"ACT, BLSA, Banner",Protein,
ENSG00000261701,HPR,AMP-AD,Duke,,"Metabolomics, Genetics, RNA, Protein, Phenomics",
ENSG00000182601,HS3ST4,AMP-AD,MSSM - Roussos Lab,HBI_scRNAseq,RNA,
ENSG00000249853,HS3ST5,AMP-AD,Duke,ADNI,"Genetics, Metabolomics",
ENSG00000103160,HSDL1,AMP-AD,Emory,"https://doi.org/10.1038/s41588-018-0311-9, https://doi.org/10.1038/s41588-019-0358-2","Genetics, Protein",
ENSG00000126803,HSPA2,Community,Chang Lab,"Kronos, Rush, MSBB","Genetics, RNA, Protein",
ENSG00000106211,HSPB1,AMP-AD,Columbia-Rush,ROSMAP,"Protein, Clinical",
ENSG00000106211,HSPB1,AMP-AD,Emory,"ACT, BLSA, Banner",Protein,
ENSG00000170276,HSPB2,AMP-AD,Columbia-Rush,ROSMAP,"Genetics, RNA, Protein, Clinical",
ENSG00000166033,HTRA1,AMP-AD,Emory,"Banner, ROSMAP, MSBB, Emory",Protein,
ENSG00000166033,HTRA1,AMP-AD,Mayo-UFL-ISB,APP Mice,Protein,
ENSG00000166033,HTRA1,AMP-AD,MSSM - Roussos Lab,HBI_scRNAseq,RNA,
ENSG00000166033,HTRA1,TREAT-AD,Emory-Sage-SGC,"Banner, ROSMAP, MSBB, Emory",Protein,
ENSG00000170801,HTRA3,AMP-AD,MSSM - Roussos Lab,FreshMicro,RNA,
ENSG00000196305,IARS1,AMP-AD,Columbia-Rush,ROSMAP,"Protein, Clinical",
ENSG00000003147,ICA1,Community,Chang Lab,"Mayo, ROSMAP","Genetics, RNA",
ENSG00000163596,ICA1L,AMP-AD,Emory,"Banner, ROSMAP","Genetics, Protein",
ENSG00000090339,ICAM1,AMP-AD,MSSM - Zhang Lab,MSBB,Protein,
ENSG00000182054,IDH2,Community,Chang Lab,"Mayo, ROSMAP, Kronos","Genetics, RNA",
ENSG00000216490,IFI30,TREAT-AD,IUSM-Purdue,"GSE5281, GSE48350, GSE33000, GSE44772, ROSMAP, MSBB, Mayo, ABA",RNA,
ENSG00000115267,IFIH1,TREAT-AD,Emory-Sage-SGC,,"Risk Scores, Pathway Modeling",
ENSG00000185201,IFITM2,Community,Chang Lab,"Mayo, ROSMAP","Genetics, RNA",
ENSG00000185436,IFNLR1,AMP-AD,MSSM - Roussos Lab,FreshMicro,RNA,
ENSG00000017427,IGF1,AMP-AD,Mayo-UFL-ISB,Mayo,RNA,
ENSG00000017427,IGF1,AMP-AD,MSSM - Roussos Lab,HBI_scRNAseq,RNA,
ENSG00000140443,IGF1R,AMP-AD,Mayo-UFL-ISB,Mayo,RNA,
ENSG00000115461,IGFBP5,AMP-AD,Columbia-Rush,ROSMAP,"Genetics, RNA, Protein, Clinical",
ENSG00000104365,IKBKB,AMP-AD,MSSM - Roussos Lab,HBI_scRNAseq,RNA,
ENSG00000136634,IL10,AMP-AD,Mayo-UFL-ISB,Mayo,RNA,
ENSG00000110324,IL10RA,AMP-AD,Mayo-UFL-ISB,Mayo,RNA,
ENSG00000110324,IL10RA,TREAT-AD,IUSM-Purdue,"GSE5281, GSE48350, GSE33000, GSE44772, ROSMAP, MSBB, Mayo, ABA",RNA,
ENSG00000164136,IL15,AMP-AD,MSSM - Roussos Lab,HBI_scRNAseq,RNA,
ENSG00000162594,IL23R,AMP-AD,Duke,ADNI,"Genetics, Metabolomics",
ENSG00000134352,IL6ST,Community,Chang Lab,ROSMAP,"Genetics, RNA",
ENSG00000132305,IMMT,AMP-AD,Emory,"ACT, BLSA, Banner",Protein,
ENSG00000168918,INPP5D,AMP-AD,Duke,ADNI,"Genetics, Metabolomics",
ENSG00000168918,INPP5D,AMP-AD,Mayo-UFL-ISB,Mayo,RNA,
ENSG00000168918,INPP5D,AMP-AD,MSSM - Zhang Lab,MSBB,"Genetics, RNA",
ENSG00000168918,INPP5D,TREAT-AD,IUSM-Purdue,"GSE5281, GSE48350, GSE33000, GSE44772, ROSMAP, MSBB, Mayo, ABA",RNA,
ENSG00000165458,INPPL1,AMP-AD,Mayo-UFL-ISB,Mayo,RNA,
ENSG00000171105,INSR,AMP-AD,Duke,ADNI,"Genetics, Metabolomics",
ENSG00000140575,IQGAP1,Community,Chang Lab,ROSMAP,"Genetics, RNA",
ENSG00000164675,IQUB,AMP-AD,ASU,VirusResilience,RNA,
ENSG00000184216,IRAK1,TREAT-AD,IUSM-Purdue,,RNA,
ENSG00000198001,IRAK4,TREAT-AD,IUSM-Purdue,,RNA,
ENSG00000169047,IRS1,AMP-AD,Duke,ADNI,"Genetics, Metabolomics",
ENSG00000105655,ISYNA1,AMP-AD,Duke,,"Metabolomics, Genetics, RNA, Protein, Phenomics",
ENSG00000169896,ITGAM,TREAT-AD,IUSM-Purdue,"GSE5281, GSE48350, GSE33000, GSE44772, ROSMAP, MSBB, Mayo, ABA",RNA,
ENSG00000169896,ITGAM,AMP-AD,MSSM - Roussos Lab,HBI_scRNAseq,RNA,
ENSG00000150093,ITGB1,AMP-AD,MSSM - Zhang Lab,MSBB,Protein,
ENSG00000160255,ITGB2,AMP-AD,MSSM - Zhang Lab,MSBB,"Genetics, Protein",
ENSG00000160255,ITGB2,TREAT-AD,IUSM-Purdue,"GSE5281, GSE48350, GSE33000, GSE44772, ROSMAP, MSBB, Mayo, ABA",RNA,
ENSG00000132470,ITGB4,AMP-AD,MSSM - Zhang Lab,MSBB,Protein,
ENSG00000082781,ITGB5,AMP-AD,MSSM - Roussos Lab,HBI_scRNAseq,RNA,
ENSG00000151655,ITIH2,AMP-AD,Mayo-UFL-ISB,APP Mice,Protein,
ENSG00000100605,ITPK1,AMP-AD,Columbia-Rush,ROSMAP,"Genetics, RNA, Protein, Clinical",
ENSG00000143772,ITPKB,AMP-AD,MSSM - Roussos Lab,HBI_scRNAseq,RNA,
ENSG00000150995,ITPR1,AMP-AD,MSSM - Zhang Lab,MSBB,"Genetics, RNA",
ENSG00000123104,ITPR2,AMP-AD,MSSM - Roussos Lab,HBI_scRNAseq,RNA,
ENSG00000008083,JARID2,AMP-AD,MSSM - Roussos Lab,HBI_scRNAseq,RNA,
ENSG00000070495,JMJD6,Community,Chang Lab,"Mayo, ROSMAP","Genetics, RNA",
ENSG00000160145,KALRN,AMP-AD,Columbia-Rush,ROSMAP,"Protein, Clinical",
ENSG00000160145,KALRN,AMP-AD,MSSM - Zhang Lab,MSBB,"Genetics, RNA",
ENSG00000197256,KANK2,AMP-AD,Mayo-UFL-ISB,"Mayo, MC-BrAD, TAUAPPms","Genetics, RNA",
ENSG00000114166,KAT2B,Community,Chang Lab,ROSMAP,"Genetics, RNA",
ENSG00000166006,KCNC2,AMP-AD,MSSM - Zhang Lab,MSBB,"Genetics, RNA",
ENSG00000171385,KCND3,AMP-AD,Duke,ADNI,"Genetics, Metabolomics",
ENSG00000182132,KCNIP1,AMP-AD,Duke,ADNI,"Genetics, Metabolomics",
ENSG00000162989,KCNJ3,AMP-AD,Duke,ADNI,"Genetics, Metabolomics",
ENSG00000182450,KCNK4,AMP-AD,Columbia-Rush,ROSMAP,"Genetics, RNA, Protein, Clinical",
ENSG00000080709,KCNN2,AMP-AD,ASU,VirusResilience,RNA,
ENSG00000143603,KCNN3,AMP-AD,Duke,,"Metabolomics, Genetics, RNA, Protein, Phenomics",
ENSG00000104783,KCNN4,AMP-AD,MSSM - Roussos Lab,FreshMicro,"Genetics, RNA",
ENSG00000185760,KCNQ5,AMP-AD,MSSM - Zhang Lab,MSBB,"Genetics, RNA",
ENSG00000120733,KDM3B,Community,Chang Lab,"Mayo, ROSMAP, Kronos, Rush","Genetics, RNA",
ENSG00000112232,KHDRBS2,AMP-AD,Duke,ADNI,"Genetics, Metabolomics",
ENSG00000110427,KIAA1549L,AMP-AD,MSSM - Zhang Lab,MSBB,"Genetics, RNA",
ENSG00000134313,KIDINS220,AMP-AD,Duke,ADNI,"Genetics, Metabolomics",
ENSG00000197892,KIF13B,AMP-AD,MSSM - Zhang Lab,MSBB,"Genetics, RNA",
ENSG00000246451,KLC1-AS1,AMP-AD,MSSM - Zhang Lab,MSBB,"Genetics, RNA",
ENSG00000163884,KLF15,AMP-AD,Duke,ADNI,"Genetics, Metabolomics",
ENSG00000162755,KLHDC9,AMP-AD,Emory,"https://doi.org/10.1038/s41588-018-0311-9, https://doi.org/10.1038/s41588-019-0358-2","Genetics, Protein",
ENSG00000119771,KLHL29,AMP-AD,Duke,"AIBL, ADNI","Metabolomics, Genetics",
ENSG00000108424,KPNB1,Community,Chang Lab,MSBB,"Genetics, Protein",
ENSG00000170421,KRT8,AMP-AD,MSSM - Zhang Lab,MSBB,Protein,
ENSG00000103642,LACTB,AMP-AD,Emory,"Banner, ROSMAP","Genetics, Protein",
ENSG00000103642,LACTB,AMP-AD,Emory,"https://doi.org/10.1038/s41588-018-0311-9, https://doi.org/10.1038/s41588-019-0358-2","Genetics, Protein",
ENSG00000089692,LAG3,Resilience-AD,JAX-VUMC-UW Resilience,AD-BXD mice,"RNA, Behavior",
ENSG00000089692,LAG3,AMP-AD,Mayo-UFL-ISB,Mayo,RNA,
ENSG00000167613,LAIR1,TREAT-AD,IUSM-Purdue,"GSE5281, GSE48350, GSE33000, GSE44772, ROSMAP, MSBB, Mayo, ABA",RNA,
ENSG00000167613,LAIR1,AMP-AD,Duke,,"Metabolomics, Genetics, RNA, Protein, Phenomics",
ENSG00000112769,LAMA4,AMP-AD,ASU,ROSMAP,"Genetics, RNA, Protein",
ENSG00000172037,LAMB2,AMP-AD,MSSM - Zhang Lab,MSBB,Protein,
ENSG00000125869,LAMP5,AMP-AD,MSSM - Roussos Lab,FreshMicro,RNA,
ENSG00000162511,LAPTM5,Community,Chang Lab,"Mayo, ROSMAP, Kronos","Genetics, RNA",
ENSG00000162511,LAPTM5,Resilience-AD,JAX-VUMC-UW Resilience,AD-BXD mice,"RNA, Behavior",
ENSG00000136167,LCP1,TREAT-AD,IUSM-Purdue,"GSE5281, GSE48350, GSE33000, GSE44772, ROSMAP, MSBB, Mayo, ABA",RNA,
ENSG00000136167,LCP1,AMP-AD,MSSM - Zhang Lab,MSBB,Protein,
ENSG00000169744,LDB2,Community,Chang Lab,"Mayo, ROSMAP, Kronos","Genetics, RNA",
ENSG00000122367,LDB3,AMP-AD,Mayo-UFL-ISB,"ROSMAP, Mayo, MC-CAA, GSE197305","RNA, Protein",
ENSG00000168961,LGALS9,TREAT-AD,IUSM-Purdue,"GSE5281, GSE48350, GSE33000, GSE44772, ROSMAP, MSBB, Mayo, ABA",RNA,
ENSG00000239998,LILRA2,TREAT-AD,IUSM-Purdue,"GSE5281, GSE48350, GSE33000, GSE44772, ROSMAP, MSBB, Mayo, ABA",RNA,
ENSG00000104972,LILRB1,AMP-AD,Mayo-UFL-ISB,Mayo,RNA,
ENSG00000169756,LIMS1,AMP-AD,MSSM - Zhang Lab,MSBB,"Genetics, Protein",
ENSG00000174482,LINGO2,AMP-AD,ASU,VirusResilience,RNA,
ENSG00000166035,LIPC,AMP-AD,Duke,"AIBL, ADNI","Metabolomics, Genetics",
ENSG00000160789,LMNA,AMP-AD,Emory,"ACT, BLSA, Banner",Protein,
ENSG00000160789,LMNA,AMP-AD,MSSM - Zhang Lab,MSBB,Protein,
ENSG00000136153,LMO7,AMP-AD,MSSM - Zhang Lab,MSBB,Protein,
ENSG00000163380,LMOD3,AMP-AD,ASU,VirusResilience,RNA,
ENSG00000072201,LNX1,AMP-AD,MSSM - Zhang Lab,MSBB,"Genetics, RNA",
ENSG00000139679,LPAR6,AMP-AD,MSSM - Roussos Lab,HBI_scRNAseq,RNA,
ENSG00000111684,LPCAT3,AMP-AD,Duke,"AIBL, ADNI","Metabolomics, Genetics",
ENSG00000134324,LPIN1,AMP-AD,Duke,ADNI,"Genetics, Metabolomics",
ENSG00000145012,LPP,AMP-AD,MSSM - Zhang Lab,MSBB,"Genetics, RNA",
ENSG00000121207,LRAT,AMP-AD,ASU,VirusResilience,RNA,
ENSG00000123384,LRP1,AMP-AD,Emory,"Banner, ROSMAP, MSBB, Emory",Protein,
ENSG00000123384,LRP1,TREAT-AD,Emory-Sage-SGC,"Banner, ROSMAP, MSBB, Emory",Protein,
ENSG00000138095,LRPPRC,Community,Chang Lab,MSBB,"Genetics, Protein",
ENSG00000175489,LRRC25,AMP-AD,MSSM - Roussos Lab,FreshMicro,"Genetics, RNA",
ENSG00000171492,LRRC8D,AMP-AD,ASU,ROSMAP,"Genetics, RNA, Protein",
ENSG00000112799,LY86,TREAT-AD,IUSM-Purdue,"GSE5281, GSE48350, GSE33000, GSE44772, ROSMAP, MSBB, Mayo, ABA",RNA,
ENSG00000104903,LYL1,AMP-AD,Mayo-UFL-ISB,Mayo,RNA,
ENSG00000254087,LYN,TREAT-AD,IUSM-Purdue,"GSE5281, GSE48350, GSE33000, GSE44772, ROSMAP, MSBB, Mayo, ABA","Genetics, RNA",
ENSG00000133800,LYVE1,AMP-AD,Mayo-UFL-ISB,Mayo,RNA,
ENSG00000133800,LYVE1,AMP-AD,MSSM - Roussos Lab,HBI_scRNAseq,RNA,
ENSG00000179632,MAF1,AMP-AD,Columbia-Rush,ROSMAP,"Genetics, RNA, Protein, Clinical",
ENSG00000196782,MAML3,AMP-AD,MSSM - Roussos Lab,HBI_scRNAseq,RNA,
ENSG00000145050,MANF,AMP-AD,ASU,ROSMAP,"Genetics, RNA, Protein",
ENSG00000069535,MAOB,AMP-AD,MSSM - Zhang Lab,MSBB,Protein,
ENSG00000131711,MAP1B,Community,Chang Lab,"Mayo, ROSMAP, Kronos, Rush, MSBB","Genetics, RNA, Protein",
ENSG00000078018,MAP2,Community,Chang Lab,"ROSMAP, Kronos, Rush, MSBB","Genetics, RNA, Protein",
ENSG00000047849,MAP4,AMP-AD,Emory,"ACT, BLSA, Banner",Protein,
ENSG00000135525,MAP7,AMP-AD,Emory,"ACT, BLSA, Banner",Protein,
ENSG00000100030,MAPK1,AMP-AD,Emory,"ACT, BLSA, Banner",Protein,
ENSG00000050748,MAPK9,AMP-AD,MSSM - Zhang Lab,MSBB,"Genetics, RNA",
ENSG00000007047,MARK4,AMP-AD,Duke,ADNI,"Genetics, Metabolomics",
ENSG00000071655,MBD3,AMP-AD,Mayo-UFL-ISB,APP Mice,Protein,
ENSG00000197971,MBP,AMP-AD,Mayo-UFL-ISB,"ROSMAP, Mayo, MC-CAA, GSE197305","RNA, Protein",
ENSG00000014641,MDH1,AMP-AD,MSSM - Zhang Lab,MSBB,"Genetics, RNA",
ENSG00000146701,MDH2,Community,Chang Lab,"Mayo, Kronos, Rush, MSBB","Genetics, RNA, Protein",
ENSG00000110492,MDK,AMP-AD,Emory,"Banner, ROSMAP, MSBB, Emory",Protein,
ENSG00000110492,MDK,AMP-AD,Mayo-UFL-ISB,Mayo,RNA,
ENSG00000110492,MDK,TREAT-AD,Emory-Sage-SGC,"Banner, ROSMAP, MSBB, Emory",Protein,
ENSG00000081189,MEF2C,AMP-AD,Duke,ADNI,"Genetics, Metabolomics",
ENSG00000081189,MEF2C,AMP-AD,MSSM - Zhang Lab,MSBB,"Genetics, RNA",
ENSG00000168958,MFF,AMP-AD,Duke,ADNI,"Genetics, Metabolomics",
ENSG00000100060,MFNG,TREAT-AD,IUSM-Purdue,"GSE5281, GSE48350, GSE33000, GSE44772, ROSMAP, MSBB, Mayo, ABA",RNA,
ENSG00000143198,MGST3,AMP-AD,Duke,ADNI,"Genetics, Metabolomics",
ENSG00000187098,MITF,AMP-AD,MSSM - Roussos Lab,HBI_scRNAseq,RNA,
ENSG00000079277,MKNK1,AMP-AD,MSSM - Roussos Lab,HBI_scRNAseq,RNA,
ENSG00000198598,MMP17,AMP-AD,Duke,ADNI,"Genetics, Metabolomics",
ENSG00000163563,MNDA,AMP-AD,MSSM - Roussos Lab,FreshMicro,RNA,
ENSG00000168314,MOBP,AMP-AD,Mayo-UFL-ISB,Mayo,RNA,
ENSG00000168314,MOBP,AMP-AD,ASU,VirusResilience,RNA,
ENSG00000204655,MOG,AMP-AD,Mayo-UFL-ISB,Mayo,RNA,
ENSG00000260314,MRC1,AMP-AD,MSSM - Roussos Lab,HBI_scRNAseq,RNA,
ENSG00000260314,MRC1,AMP-AD,ASU,VirusResilience,RNA,
ENSG00000169288,MRPL1,AMP-AD,Columbia-Rush,ROSMAP,"Protein, Clinical",
ENSG00000174547,MRPL11,AMP-AD,Columbia-Rush,ROSMAP,"Protein, Clinical",
ENSG00000262814,MRPL12,AMP-AD,Columbia-Rush,ROSMAP,"Protein, Clinical",
ENSG00000180992,MRPL14,AMP-AD,Columbia-Rush,ROSMAP,"Protein, Clinical",
ENSG00000137547,MRPL15,AMP-AD,Columbia-Rush,ROSMAP,"Protein, Clinical",
ENSG00000166902,MRPL16,AMP-AD,Columbia-Rush,ROSMAP,"Protein, Clinical",
ENSG00000158042,MRPL17,AMP-AD,Columbia-Rush,ROSMAP,"Protein, Clinical",
ENSG00000185414,MRPL30,AMP-AD,Columbia-Rush,ROSMAP,"Protein, Clinical",
ENSG00000116221,MRPL37,AMP-AD,Columbia-Rush,ROSMAP,"Protein, Clinical",
ENSG00000116221,MRPL37,AMP-AD,Duke,,"Metabolomics, Genetics, RNA, Protein, Phenomics",
ENSG00000154719,MRPL39,AMP-AD,Columbia-Rush,ROSMAP,"Protein, Clinical",
ENSG00000185608,MRPL40,AMP-AD,Columbia-Rush,ROSMAP,"Protein, Clinical",
ENSG00000055950,MRPL43,AMP-AD,Columbia-Rush,ROSMAP,"Protein, Clinical",
ENSG00000135900,MRPL44,AMP-AD,Columbia-Rush,ROSMAP,"Protein, Clinical",
ENSG00000259494,MRPL46,AMP-AD,Columbia-Rush,ROSMAP,"Protein, Clinical",
ENSG00000175581,MRPL48,AMP-AD,Columbia-Rush,ROSMAP,"Protein, Clinical",
ENSG00000149792,MRPL49,AMP-AD,Columbia-Rush,ROSMAP,"Protein, Clinical",
ENSG00000136897,MRPL50,AMP-AD,Columbia-Rush,ROSMAP,"Protein, Clinical",
ENSG00000204822,MRPL53,AMP-AD,Columbia-Rush,ROSMAP,"Protein, Clinical",
ENSG00000173141,MRPL57,AMP-AD,Columbia-Rush,ROSMAP,"Protein, Clinical",
ENSG00000167862,MRPL58,AMP-AD,Columbia-Rush,ROSMAP,"Protein, Clinical",
ENSG00000116898,MRPS15,AMP-AD,Columbia-Rush,ROSMAP,"Protein, Clinical",
ENSG00000182180,MRPS16,AMP-AD,Columbia-Rush,ROSMAP,"Protein, Clinical",
ENSG00000204568,MRPS18B,AMP-AD,Columbia-Rush,ROSMAP,"Protein, Clinical",
ENSG00000122140,MRPS2,AMP-AD,Columbia-Rush,ROSMAP,"Protein, Clinical",
ENSG00000175110,MRPS22,AMP-AD,Columbia-Rush,ROSMAP,"Protein, Clinical",
ENSG00000181610,MRPS23,AMP-AD,Columbia-Rush,ROSMAP,"Protein, Clinical",
ENSG00000149534,MS4A2,AMP-AD,Duke,ADNI,"Genetics, Metabolomics",
ENSG00000110079,MS4A4A,AMP-AD,Mayo-UFL-ISB,Mayo,RNA,
ENSG00000110079,MS4A4A,TREAT-AD,IUSM-Purdue,"GSE5281, GSE48350, GSE33000, GSE44772, ROSMAP, MSBB, Mayo, ABA","Genetics, RNA",
ENSG00000110077,MS4A6A,AMP-AD,Mayo-UFL-ISB,Mayo,RNA,
ENSG00000110077,MS4A6A,TREAT-AD,IUSM-Purdue,"GSE5281, GSE48350, GSE33000, GSE44772, ROSMAP, MSBB, Mayo, ABA",RNA,
ENSG00000166927,MS4A7,TREAT-AD,IUSM-Purdue,"GSE5281, GSE48350, GSE33000, GSE44772, ROSMAP, MSBB, Mayo, ABA",RNA,
ENSG00000147065,MSN,Community,Chang Lab,"ROSMAP, Kronos, MSBB","Genetics, RNA, Protein",
ENSG00000147065,MSN,AMP-AD,Emory,"ACT, BLSA, Banner",Protein,
ENSG00000147065,MSN,AMP-AD,MSSM - Zhang Lab,MSBB,"Genetics, RNA",
ENSG00000147065,MSN,AMP-AD,MSSM - Zhang Lab,MSBB,"Genetics, Protein",
ENSG00000147065,MSN,TREAT-AD,Emory-Sage-SGC,"ACT, BLSA, Banner",Protein,
ENSG00000198840,MT-ND3,AMP-AD,ASU,ROSMAP,"Genetics, RNA, Protein",
ENSG00000125144,MT1G,AMP-AD,MSSM - Zhang Lab,MSBB,Protein,
ENSG00000100714,MTHFD1,AMP-AD,Duke,,"Metabolomics, Genetics, RNA, Protein, Phenomics",
ENSG00000166912,MTMR10,Community,Chang Lab,"ROSMAP, Kronos","Genetics, RNA",
ENSG00000132613,MTSS2,AMP-AD,Emory,"https://doi.org/10.1038/s41588-018-0311-9, https://doi.org/10.1038/s41588-019-0358-2","Genetics, Protein",
ENSG00000176658,MYO1D,Community,Chang Lab,"Kronos, MSBB","Genetics, RNA, Protein",
ENSG00000157483,MYO1E,AMP-AD,MSSM - Roussos Lab,HBI_scRNAseq,RNA,
ENSG00000142347,MYO1F,TREAT-AD,IUSM-Purdue,"GSE5281, GSE48350, GSE33000, GSE44772, ROSMAP, MSBB, Mayo, ABA",RNA,
ENSG00000124920,MYRF,AMP-AD,Mayo-UFL-ISB,Mayo,RNA,
ENSG00000145911,N4BP3,AMP-AD,Duke,ADNI,"Genetics, Metabolomics",
ENSG00000151779,NBAS,AMP-AD,ASU,ROSMAP,"Genetics, RNA, Protein",
ENSG00000123338,NCKAP1L,TREAT-AD,IUSM-Purdue,"GSE5281, GSE48350, GSE33000, GSE44772, ROSMAP, MSBB, Mayo, ABA",RNA,
ENSG00000176771,NCKAP5,AMP-AD,MSSM - Roussos Lab,HBI_scRNAseq,RNA,
ENSG00000130414,NDUFA10,Community,Chang Lab,MSBB,"Genetics, Protein",
ENSG00000130414,NDUFA10,AMP-AD,Emory,"ACT, BLSA, Banner",Protein,
ENSG00000130414,NDUFA10,AMP-AD,MSSM - Zhang Lab,MSBB,Protein,
ENSG00000174886,NDUFA11,Community,Chang Lab,MSBB,"Genetics, Protein",
ENSG00000186010,NDUFA13,Community,Chang Lab,"ROSMAP, Mayo, MSBB","Genetics, RNA, Protein",
ENSG00000139180,NDUFA9,AMP-AD,Emory,"ACT, BLSA, Banner",Protein,
ENSG00000023228,NDUFS1,AMP-AD,Emory,"ACT, BLSA, Banner",Protein,
ENSG00000023228,NDUFS1,AMP-AD,MSSM - Zhang Lab,MSBB,Protein,
ENSG00000158864,NDUFS2,AMP-AD,Emory,"ACT, BLSA, Banner",Protein,
ENSG00000158864,NDUFS2,TREAT-AD,Emory-Sage-SGC,"Banner, ROSMAP, MSBB, Emory","Protein, RNA",
ENSG00000213619,NDUFS3,Resilience-AD,Mayo,"ROSMAP, Mayo, MSBB","Genetics, RNA",
ENSG00000213619,NDUFS3,AMP-AD,MSSM - Zhang Lab,MSBB,Protein,
ENSG00000145494,NDUFS6,AMP-AD,MSSM - Zhang Lab,MSBB,Protein,
ENSG00000115286,NDUFS7,AMP-AD,Emory,"ACT, BLSA, Banner",Protein,
ENSG00000167792,NDUFV1,AMP-AD,Emory,"ACT, BLSA, Banner",Protein,
ENSG00000167792,NDUFV1,Resilience-AD,Mayo,"ROSMAP, Mayo, MSBB","Genetics, RNA",
ENSG00000130202,NECTIN2,Community,Duke BARU,"Framingham Heart Study, Cardiovascular Health Study, Health and Retirement Study, Late Onset Alzheimer's Disease Family Study",Genetics,
ENSG00000111859,NEDD9,AMP-AD,MSSM - Roussos Lab,HBI_scRNAseq,RNA,
ENSG00000277586,NEFL,AMP-AD,MSSM - Zhang Lab,MSBB,"Genetics, RNA",
ENSG00000164600,NEUROD6,AMP-AD,Mayo-UFL-ISB,Mayo,RNA,
ENSG00000100906,NFKBIA,AMP-AD,Mayo-UFL-ISB,Mayo,RNA,
ENSG00000144802,NFKBIZ,AMP-AD,Mayo-UFL-ISB,Mayo,RNA,
ENSG00000244005,NFS1,AMP-AD,Columbia-Rush,ROSMAP,"Protein, Clinical",
ENSG00000064300,NGFR,Community,Longo Lab,"ROSMAP, MSBB, AD Mouse Models","Genetics, RNA, Protein",
ENSG00000135540,NHSL1,AMP-AD,MSSM - Zhang Lab,MSBB,"Genetics, RNA",
ENSG00000146729,NIPSNAP2,AMP-AD,Duke,ADNI,"Genetics, Metabolomics",
ENSG00000188580,NKAIN2,AMP-AD,ASU,VirusResilience,RNA,
ENSG00000087095,NLK,AMP-AD,MSSM - Roussos Lab,HBI_scRNAseq,RNA,
ENSG00000140853,NLRC5,AMP-AD,Duke,ADNI,"Genetics, Metabolomics",
ENSG00000140853,NLRC5,AMP-AD,MSSM - Zhang Lab,MSBB,"Genetics, RNA",
ENSG00000157064,NMNAT2,AMP-AD,MSSM - Zhang Lab,MSBB,"Genetics, RNA",
ENSG00000112992,NNT,AMP-AD,Columbia-Rush,ROSMAP,"Protein, Clinical",
ENSG00000112992,NNT,AMP-AD,Emory,"ACT, BLSA, Banner",Protein,
ENSG00000147140,NONO,AMP-AD,Emory,"ACT, BLSA, Banner",Protein,
ENSG00000147140,NONO,AMP-AD,MSSM - Zhang Lab,MSBB,Protein,
ENSG00000141458,NPC1,AMP-AD,MSSM - Roussos Lab,HBI_scRNAseq,RNA,
ENSG00000107833,NPM3,AMP-AD,Columbia-Rush,ROSMAP,"Genetics, RNA, Protein, Clinical",
ENSG00000131408,NR1H2,AMP-AD,Duke,ADNI,"Genetics, Metabolomics",
ENSG00000025434,NR1H3,AMP-AD,Duke,ADNI,"Genetics, Metabolomics",
ENSG00000012504,NR1H4,AMP-AD,Duke,ADNI,"Genetics, Metabolomics",
ENSG00000113580,NR3C1,AMP-AD,Mayo-UFL-ISB,Mayo,RNA,
ENSG00000116833,NR5A2,AMP-AD,Duke,ADNI,"Genetics, Metabolomics",
ENSG00000157168,NRG1,AMP-AD,Mayo-UFL-ISB,Mayo,RNA,
ENSG00000124785,NRN1,AMP-AD,Columbia-Rush,ROSMAP,"Protein, Clinical",
ENSG00000124785,NRN1,AMP-AD,MSSM - Zhang Lab,MSBB,"Genetics, RNA",
ENSG00000124785,NRN1,AMP-AD,MSSM - Zhang Lab,MSBB,"Genetics, Protein",
ENSG00000124785,NRN1,TREAT-AD,Emory-Sage-SGC,,"Genetics, RNA, Protein",
ENSG00000021645,NRXN3,AMP-AD,Duke,ADNI,"Genetics, Metabolomics",
ENSG00000021645,NRXN3,AMP-AD,ASU,VirusResilience,RNA,
ENSG00000073969,NSF,Community,Chang Lab,"Mayo, ROSMAP, Kronos, Rush, MSBB","Genetics, RNA, Protein",
ENSG00000065320,NTN1,AMP-AD,Emory,"Banner, ROSMAP, MSBB, Emory",Protein,
ENSG00000065320,NTN1,TREAT-AD,Emory-Sage-SGC,"Banner, ROSMAP, MSBB, Emory",Protein,
ENSG00000162068,NTN3,AMP-AD,Emory,"Banner, ROSMAP, MSBB, Emory",Protein,
ENSG00000162068,NTN3,TREAT-AD,Emory-Sage-SGC,"Banner, ROSMAP, MSBB, Emory",Protein,
ENSG00000148053,NTRK2,Community,Longo Lab,"https://doi.org/10.1002/ajmg.b.30607, https://doi.org/10.1016/j.nbd.2019.104540, https://doi.org/10.1038/tp.2015.55, https://doi.org/10.3233/jad-2008-15105, https://doi.org/10.1016/j.neulet.2013.06.061, https://doi.org/10.1016/j.celrep.2020.107908","RNA, Protein, Phenomics, Genetics",
ENSG00000163545,NUAK2,AMP-AD,Duke,ADNI,"Genetics, Metabolomics",
ENSG00000137497,NUMA1,AMP-AD,MSSM - Zhang Lab,MSBB,Protein,
ENSG00000176046,NUPR1,AMP-AD,Columbia-Rush,ROSMAP,"Genetics, RNA, Protein, Clinical",
ENSG00000122584,NXPH1,AMP-AD,Emory,"Banner, ROSMAP, MSBB, Emory",Protein,
ENSG00000122584,NXPH1,TREAT-AD,Emory-Sage-SGC,"Banner, ROSMAP, MSBB, Emory",Protein,
ENSG00000144227,NXPH2,AMP-AD,Emory,"syn20933797, syn52525880",Protein,
ENSG00000166924,NYAP1,AMP-AD,Duke,ADNI,"Genetics, Metabolomics",
ENSG00000130558,OLFM1,AMP-AD,Emory,"ACT, BLSA, Banner",Protein,
ENSG00000130558,OLFM1,AMP-AD,MSSM - Zhang Lab,MSBB,Protein,
ENSG00000118733,OLFM3,AMP-AD,MSSM - Zhang Lab,MSBB,"Genetics, RNA",
ENSG00000118733,OLFM3,AMP-AD,MSSM - Zhang Lab,MSBB,"Genetics, Protein",
ENSG00000116774,OLFML3,AMP-AD,Emory,"Banner, ROSMAP, MSBB, Emory",Protein,
ENSG00000116774,OLFML3,TREAT-AD,Emory-Sage-SGC,"Banner, ROSMAP, MSBB, Emory",Protein,
ENSG00000197430,OPALIN,AMP-AD,Mayo-UFL-ISB,Mayo,RNA,
ENSG00000168131,OR2B2,AMP-AD,ASU,VirusResilience,RNA,
ENSG00000070882,OSBPL3,AMP-AD,MSSM - Roussos Lab,HBI_scRNAseq,RNA,
ENSG00000164830,OXR1,AMP-AD,MSSM - Zhang Lab,MSBB,"Genetics, RNA",
ENSG00000169313,P2RY12,AMP-AD,Mayo-UFL-ISB,Mayo,RNA,
ENSG00000181631,P2RY13,AMP-AD,Mayo-UFL-ISB,Mayo,RNA,
ENSG00000124507,PACSIN1,AMP-AD,Emory,"ACT, BLSA, Banner",Protein,
ENSG00000117115,PADI2,AMP-AD,Emory,"ACT, BLSA, Banner",Protein,
ENSG00000117115,PADI2,AMP-AD,MSSM - Roussos Lab,HBI_scRNAseq,RNA,
ENSG00000079462,PAFAH1B3,AMP-AD,Columbia-Rush,ROSMAP,"Protein, Clinical",
ENSG00000079462,PAFAH1B3,AMP-AD,Emory,"ACT, BLSA, Banner",Protein,
ENSG00000149269,PAK1,Community,Chang Lab,"ROSMAP, Kronos, MSBB","Genetics, RNA, Protein",
ENSG00000149269,PAK1,AMP-AD,MSSM - Zhang Lab,MSBB,"Genetics, RNA",
ENSG00000149269,PAK1,TREAT-AD,Emory-Sage-SGC,"Banner, ROSMAP, MSBB, Emory",Protein,
ENSG00000129116,PALLD,AMP-AD,MSSM - Zhang Lab,MSBB,Protein,
ENSG00000090060,PAPOLA,Community,Chang Lab,"Mayo, ROSMAP, Rush","Genetics, RNA",
ENSG00000188582,PAQR9,AMP-AD,Duke,"AIBL, ADNI","Metabolomics, Genetics",
ENSG00000151883,PARP8,AMP-AD,MSSM - Roussos Lab,HBI_scRNAseq,RNA,
ENSG00000138496,PARP9,AMP-AD,MSSM - Zhang Lab,MSBB,"Genetics, RNA",
ENSG00000007372,PAX6,AMP-AD,Duke,ADNI,"Genetics, Metabolomics",
ENSG00000081842,PCDHA6,AMP-AD,MSSM - Zhang Lab,MSBB,Protein,
ENSG00000179715,PCED1B,AMP-AD,ASU,VirusResilience,RNA,
ENSG00000186472,PCLO,AMP-AD,MSSM - Roussos Lab,HBI_scRNAseq,RNA,
ENSG00000078674,PCM1,AMP-AD,Duke,,"Metabolomics, Genetics, RNA, Protein, Phenomics",
ENSG00000169174,PCSK9,AMP-AD,Duke,"AIBL, ADNI","Metabolomics, Genetics",
ENSG00000188389,PDCD1,AMP-AD,Mayo-UFL-ISB,Mayo,RNA,
ENSG00000112541,PDE10A,AMP-AD,Duke,"AIBL, ADNI","Metabolomics, Genetics",
ENSG00000115252,PDE1A,AMP-AD,ASU,VirusResilience,RNA,
ENSG00000131828,PDHA1,AMP-AD,Columbia-Rush,ROSMAP,"Protein, Clinical",
ENSG00000131828,PDHA1,AMP-AD,MSSM - Zhang Lab,MSBB,Protein,
ENSG00000131828,PDHA1,TREAT-AD,Emory-Sage-SGC,,"Genetics, RNA, Protein",
ENSG00000168291,PDHB,Community,Chang Lab,MSBB,"Genetics, Protein",
ENSG00000168291,PDHB,AMP-AD,Columbia-Rush,ROSMAP,"Protein, Clinical",
ENSG00000168291,PDHB,AMP-AD,Emory,"ACT, BLSA, Banner",Protein,
ENSG00000168291,PDHB,TREAT-AD,Emory-Sage-SGC,,"Genetics, RNA, Protein",
ENSG00000067057,PFKP,Community,Chang Lab,"ROSMAP, MSBB","Genetics, RNA, Protein",
ENSG00000130313,PGLS,AMP-AD,Columbia-Rush,ROSMAP,"Protein, Clinical",
ENSG00000130313,PGLS,AMP-AD,Emory,"ACT, BLSA, Banner",Protein,
ENSG00000165434,PGM2L1,AMP-AD,MSSM - Zhang Lab,MSBB,"Genetics, RNA",
ENSG00000154330,PGM5,AMP-AD,ASU,ROSMAP,"Genetics, RNA, Protein",
ENSG00000122733,PHF24,AMP-AD,Emory,"ACT, BLSA, Banner",Protein,
ENSG00000092621,PHGDH,AMP-AD,Columbia-Rush,ROSMAP,"Protein, Clinical",
ENSG00000175287,PHYHD1,AMP-AD,Duke,,"Metabolomics, Genetics, RNA, Protein, Phenomics",
ENSG00000073921,PICALM,AMP-AD,Duke,ADNI,"Genetics, Metabolomics",
ENSG00000073921,PICALM,AMP-AD,MSSM - Roussos Lab,FreshMicro,"Genetics, RNA",
ENSG00000155629,PIK3AP1,TREAT-AD,IUSM-Purdue,"GSE5281, GSE48350, GSE33000, GSE44772, ROSMAP, MSBB, Mayo, ABA",RNA,
ENSG00000121879,PIK3CA,AMP-AD,Duke,ADNI,"Genetics, Metabolomics",
ENSG00000051382,PIK3CB,AMP-AD,Duke,ADNI,"Genetics, Metabolomics",
ENSG00000107593,PKD2L1,AMP-AD,Duke,"AIBL, ADNI","Metabolomics, Genetics",
ENSG00000104368,PLAT,AMP-AD,MSSM - Roussos Lab,HBI_scRNAseq,RNA,
ENSG00000182621,PLCB1,AMP-AD,Emory,"ACT, BLSA, Banner",Protein,
ENSG00000182621,PLCB1,AMP-AD,MSSM - Zhang Lab,MSBB,Protein,
ENSG00000187091,PLCD1,AMP-AD,MSSM - Zhang Lab,MSBB,"Genetics, Protein",
ENSG00000197943,PLCG2,AMP-AD,Mayo-UFL-ISB,Mayo,RNA,
ENSG00000197943,PLCG2,TREAT-AD,IUSM-Purdue,"GSE5281, GSE48350, GSE33000, GSE44772, ROSMAP, MSBB, Mayo, ABA",RNA,
ENSG00000166428,PLD4,AMP-AD,Mayo-UFL-ISB,Mayo,RNA,
ENSG00000178209,PLEC,Community,Chang Lab,MSBB,"Genetics, Protein",
ENSG00000178209,PLEC,AMP-AD,Columbia-Rush,ROSMAP,"Protein, Clinical",
ENSG00000178209,PLEC,AMP-AD,Emory,"ACT, BLSA, Banner",Protein,
ENSG00000178209,PLEC,AMP-AD,MSSM - Zhang Lab,MSBB,"Genetics, Protein",
ENSG00000178209,PLEC,TREAT-AD,Emory-Sage-SGC,"ACT, BLSA, Banner",Protein,
ENSG00000115956,PLEK,TREAT-AD,IUSM-Purdue,"GSE5281, GSE48350, GSE33000, GSE44772, ROSMAP, MSBB, Mayo, ABA",RNA,
ENSG00000107679,PLEKHA1,AMP-AD,Emory,"Banner, ROSMAP","Genetics, Protein",
ENSG00000120278,PLEKHG1,AMP-AD,MSSM - Roussos Lab,FreshMicro,RNA,
ENSG00000054690,PLEKHH1,AMP-AD,Duke,ADNI,"Genetics, Metabolomics",
ENSG00000122194,PLG,AMP-AD,Duke,,"Metabolomics, Genetics, RNA, Protein, Phenomics",
ENSG00000167676,PLIN4,AMP-AD,Mayo-UFL-ISB,Mayo,RNA,
ENSG00000102934,PLLP,AMP-AD,Mayo-UFL-ISB,Mayo,RNA,
ENSG00000123560,PLP1,AMP-AD,Mayo-UFL-ISB,Mayo,RNA,
ENSG00000203805,PLPP4,AMP-AD,ASU,VirusResilience,RNA,
ENSG00000117600,PLPPR4,AMP-AD,MSSM - Zhang Lab,MSBB,"Genetics, RNA",
ENSG00000120594,PLXDC2,AMP-AD,Emory,"https://doi.org/10.1038/s41588-018-0311-9, https://doi.org/10.1038/s41588-019-0358-2","Genetics, Protein",
ENSG00000114554,PLXNA1,AMP-AD,Emory,"ACT, BLSA, Banner",Protein,
ENSG00000164050,PLXNB1,AMP-AD,Columbia-Rush,ROSMAP,"Genetics, RNA, Protein, Clinical",
ENSG00000164050,PLXNB1,AMP-AD,MSSM - Zhang Lab,MSBB,"Genetics, RNA",
ENSG00000240694,PNMA2,AMP-AD,MSSM - Zhang Lab,MSBB,"Genetics, RNA",
ENSG00000100344,PNPLA3,AMP-AD,Duke,"AIBL, ADNI","Metabolomics, Genetics",
ENSG00000168002,POLR2G,AMP-AD,Duke,,"Metabolomics, Genetics, RNA, Protein, Phenomics",
ENSG00000186951,PPARA,AMP-AD,Duke,ADNI,"Genetics, Metabolomics",
ENSG00000132170,PPARG,AMP-AD,MSSM - Roussos Lab,HBI_scRNAseq,RNA,
ENSG00000186298,PPP1CC,Community,Chang Lab,"Mayo, ROSMAP","Genetics, RNA",
ENSG00000146112,PPP1R18,Community,Chang Lab,"Mayo, ROSMAP","Genetics, RNA",
ENSG00000115685,PPP1R7,AMP-AD,Emory,"ACT, BLSA, Banner",Protein,
ENSG00000138814,PPP3CA,AMP-AD,MSSM - Zhang Lab,MSBB,"Genetics, RNA",
ENSG00000117450,PRDX1,Community,Chang Lab,"Kronos, MSBB","Genetics, RNA, Protein",
ENSG00000117450,PRDX1,AMP-AD,Columbia-Rush,ROSMAP,"Protein, Clinical",
ENSG00000117450,PRDX1,AMP-AD,Emory,"ACT, BLSA, Banner",Protein,
ENSG00000117450,PRDX1,AMP-AD,MSSM - Zhang Lab,MSBB,"Genetics, Protein",
ENSG00000117450,PRDX1,TREAT-AD,Emory-Sage-SGC,"ACT, BLSA, Banner",Protein,
ENSG00000117592,PRDX6,Community,Chang Lab,"Kronos, Rush, MSBB","Genetics, RNA, Protein",
ENSG00000117592,PRDX6,AMP-AD,Emory,"ACT, BLSA, Banner",Protein,
ENSG00000117592,PRDX6,AMP-AD,MSSM - Zhang Lab,MSBB,"Genetics, Protein",
ENSG00000117592,PRDX6,TREAT-AD,Emory-Sage-SGC,"ACT, BLSA, Banner",Protein,
ENSG00000138078,PREPL,AMP-AD,MSSM - Zhang Lab,MSBB,"Genetics, RNA",
ENSG00000124126,PREX1,Community,Chang Lab,ROSMAP,"Genetics, RNA",
ENSG00000124126,PREX1,AMP-AD,Columbia-Rush,ROSMAP,"Genetics, RNA, Protein, Clinical",
ENSG00000005249,PRKAR2B,AMP-AD,Emory,"ACT, BLSA, Banner",Protein,
ENSG00000154229,PRKCA,AMP-AD,MSSM - Roussos Lab,HBI_scRNAseq,RNA,
ENSG00000105618,PRPF31,AMP-AD,ASU,ROSMAP,"Genetics, RNA, Protein",
ENSG00000197746,PSAP,AMP-AD,Mayo-UFL-ISB,Mayo,RNA,
ENSG00000135069,PSAT1,AMP-AD,MSSM - Zhang Lab,MSBB,Protein,
ENSG00000165916,PSMC3,TREAT-AD,Emory-Sage-SGC,,"Genetics, RNA, Protein",
ENSG00000092010,PSME1,AMP-AD,MSSM - Zhang Lab,MSBB,Protein,
ENSG00000146733,PSPH,AMP-AD,Duke,ADNI,"Genetics, Metabolomics",
ENSG00000120899,PTK2B,TREAT-AD,IUSM-Purdue,"GSE5281, GSE48350, GSE33000, GSE44772, ROSMAP, MSBB, Mayo, ABA","Genetics, RNA",
ENSG00000105894,PTN,AMP-AD,Emory,"Banner, ROSMAP, MSBB, Emory",Protein,
ENSG00000105894,PTN,AMP-AD,Mayo-UFL-ISB,Mayo,RNA,
ENSG00000105894,PTN,TREAT-AD,Emory-Sage-SGC,"Banner, ROSMAP, MSBB, Emory",Protein,
ENSG00000111679,PTPN6,TREAT-AD,IUSM-Purdue,"GSE5281, GSE48350, GSE33000, GSE44772, ROSMAP, MSBB, Mayo, ABA","Genetics, RNA",
ENSG00000111679,PTPN6,AMP-AD,MSSM - Zhang Lab,MSBB,Protein,
ENSG00000081237,PTPRC,AMP-AD,MSSM - Zhang Lab,MSBB,"Genetics, Protein",
ENSG00000081237,PTPRC,TREAT-AD,IUSM-Purdue,"GSE5281, GSE48350, GSE33000, GSE44772, ROSMAP, MSBB, Mayo, ABA",RNA,
ENSG00000144724,PTPRG,AMP-AD,MSSM - Roussos Lab,HBI_scRNAseq,RNA,
ENSG00000153233,PTPRR,AMP-AD,MSSM - Zhang Lab,MSBB,"Genetics, RNA",
ENSG00000106278,PTPRZ1,Community,Chang Lab,ROSMAP,"Genetics, RNA",
ENSG00000183255,PTTG1IP,AMP-AD,MSSM - Zhang Lab,MSBB,"Genetics, RNA",
ENSG00000103490,PYCARD,TREAT-AD,IUSM-Purdue,,RNA,
ENSG00000100504,PYGL,AMP-AD,Duke,,"Metabolomics, Genetics, RNA, Protein, Phenomics",
ENSG00000112531,QKI,AMP-AD,MSSM - Zhang Lab,MSBB,Protein,
ENSG00000115828,QPCT,AMP-AD,Emory,"https://doi.org/10.1038/s41588-018-0311-9, https://doi.org/10.1038/s41588-019-0358-2","Genetics, Protein",
ENSG00000103485,QPRT,AMP-AD,Emory,"Banner, ROSMAP, MSBB, Emory",Protein,
ENSG00000103485,QPRT,TREAT-AD,Emory-Sage-SGC,"Banner, ROSMAP, MSBB, Emory",Protein,
ENSG00000080371,RAB21,AMP-AD,Duke,ADNI,"Genetics, Metabolomics",
ENSG00000041353,RAB27B,AMP-AD,Emory,"Banner, ROSMAP","Genetics, Protein",
ENSG00000041353,RAB27B,AMP-AD,MSSM - Zhang Lab,MSBB,"Genetics, RNA",
ENSG00000105649,RAB3A,AMP-AD,Columbia-Rush,ROSMAP,"Genetics, RNA, Protein, Clinical",
ENSG00000105649,RAB3A,AMP-AD,Emory,"ACT, BLSA, Banner",Protein,
ENSG00000167994,RAB3IL1,AMP-AD,Duke,"AIBL, ADNI","Metabolomics, Genetics",
ENSG00000029725,RABEP1,AMP-AD,Duke,ADNI,"Genetics, Metabolomics",
ENSG00000029725,RABEP1,TREAT-AD,Emory-Sage-SGC,"Banner, ROSMAP","Protein, Genetics",
ENSG00000029725,RABEP1,AMP-AD,MSSM - Roussos Lab,FreshMicro,"Genetics, RNA",
ENSG00000177548,RABEP2,AMP-AD,Columbia-Rush,ROSMAP,"Genetics, RNA, Protein, Clinical",
ENSG00000153201,RANBP2,AMP-AD,MSSM - Zhang Lab,MSBB,Protein,
ENSG00000109756,RAPGEF2,AMP-AD,ASU,ROSMAP,"Genetics, RNA, Protein",
ENSG00000165917,RAPSN,AMP-AD,ASU,VirusResilience,RNA,
ENSG00000137710,RDX,AMP-AD,MSSM - Zhang Lab,MSBB,Protein,
ENSG00000102032,RENBP,AMP-AD,Emory,"Banner, ROSMAP, MSBB, Emory",Protein,
ENSG00000102032,RENBP,TREAT-AD,Emory-Sage-SGC,"Banner, ROSMAP, MSBB, Emory",Protein,
ENSG00000084093,REST,AMP-AD,Harvard-MIT,,RNA,
ENSG00000165731,RET,AMP-AD,Duke,ADNI,"Genetics, Metabolomics",
ENSG00000015568,RGPD5,AMP-AD,MSSM - Zhang Lab,MSBB,Protein,
ENSG00000129667,RHBDF2,TREAT-AD,IUSM-Purdue,"GSE5281, GSE48350, GSE33000, GSE44772, ROSMAP, MSBB, Mayo, ABA",RNA,
ENSG00000131941,RHPN2,AMP-AD,Duke,,"Metabolomics, Genetics, RNA, Protein, Phenomics",
ENSG00000176406,RIMS2,AMP-AD,MSSM - Zhang Lab,MSBB,"Genetics, RNA",
ENSG00000100599,RIN3,AMP-AD,Mayo-UFL-ISB,Mayo,RNA,
ENSG00000169413,RNASE6,TREAT-AD,IUSM-Purdue,"GSE5281, GSE48350, GSE33000, GSE44772, ROSMAP, MSBB, Mayo, ABA",RNA,
ENSG00000169855,ROBO1,AMP-AD,Duke,ADNI,"Genetics, Metabolomics",
ENSG00000089169,RPH3A,Community,Chang Lab,MSBB,"Genetics, Protein",
ENSG00000089169,RPH3A,AMP-AD,Columbia-Rush,ROSMAP,"Protein, Clinical",
ENSG00000089169,RPH3A,AMP-AD,Emory,"ACT, BLSA, Banner",Protein,
ENSG00000089169,RPH3A,AMP-AD,MSSM - Zhang Lab,MSBB,"Genetics, Protein",
ENSG00000071242,RPS6KA2,AMP-AD,Columbia-Rush,ROSMAP,"Protein, Clinical",
ENSG00000125844,RRBP1,AMP-AD,MSSM - Zhang Lab,MSBB,Protein,
ENSG00000124782,RREB1,AMP-AD,MSSM - Zhang Lab,MSBB,"Genetics, RNA",
ENSG00000167325,RRM1,AMP-AD,Duke,ADNI,"Genetics, Metabolomics",
ENSG00000048392,RRM2B,AMP-AD,Duke,ADNI,"Genetics, Metabolomics",
ENSG00000147655,RSPO2,AMP-AD,Emory,"syn20933797, syn52525880",Protein,
ENSG00000022277,RTF2,AMP-AD,Emory,"Banner, ROSMAP","Genetics, Protein",
ENSG00000022277,RTF2,AMP-AD,Emory,"https://doi.org/10.1038/s41588-018-0311-9, https://doi.org/10.1038/s41588-019-0358-2","Genetics, Protein",
ENSG00000139970,RTN1,Community,Chang Lab,"ROSMAP, Mayo, Kronos, Rush, MSBB","Genetics, RNA, Protein",
ENSG00000133318,RTN3,AMP-AD,Emory,"ACT, BLSA, Banner",Protein,
ENSG00000115310,RTN4,AMP-AD,Emory,"ACT, BLSA, Banner",Protein,
ENSG00000018189,RUFY3,AMP-AD,Duke,ADNI,"Genetics, Metabolomics",
ENSG00000018189,RUFY3,AMP-AD,Emory,"ACT, BLSA, Banner",Protein,
ENSG00000018189,RUFY3,AMP-AD,MSSM - Roussos Lab,HBI_scRNAseq,RNA,
ENSG00000186350,RXRA,AMP-AD,Duke,ADNI,"Genetics, Metabolomics",
ENSG00000163191,S100A11,AMP-AD,MSSM - Zhang Lab,MSBB,"Genetics, Protein",
ENSG00000196154,S100A4,AMP-AD,Mayo-UFL-ISB,Mayo,RNA,
ENSG00000197956,S100A6,Community,Chang Lab,MSBB,"Genetics, Protein",
ENSG00000143546,S100A8,AMP-AD,Mayo-UFL-ISB,Mayo,RNA,
ENSG00000163220,S100A9,AMP-AD,Mayo-UFL-ISB,Mayo,RNA,
ENSG00000170989,S1PR1,AMP-AD,Duke,ADNI,"Genetics, Metabolomics",
ENSG00000020577,SAMD4A,AMP-AD,Duke,"AIBL, ADNI","Metabolomics, Genetics",
ENSG00000111961,SASH1,Community,Chang Lab,"Mayo, ROSMAP, Kronos","Genetics, RNA",
ENSG00000168077,SCARA3,AMP-AD,Duke,ADNI,"Genetics, Metabolomics",
ENSG00000168077,SCARA3,AMP-AD,ASU,VirusResilience,RNA,
ENSG00000104112,SCG3,AMP-AD,Columbia-Rush,ROSMAP,"Genetics, RNA, Protein, Clinical",
ENSG00000146285,SCML4,AMP-AD,ASU,VirusResilience,RNA,
ENSG00000136531,SCN2A,AMP-AD,MSSM - Zhang Lab,MSBB,"Genetics, RNA",
ENSG00000136546,SCN7A,AMP-AD,Duke,ADNI,"Genetics, Metabolomics",
ENSG00000196876,SCN8A,AMP-AD,MSSM - Zhang Lab,MSBB,"Genetics, RNA",
ENSG00000169432,SCN9A,AMP-AD,Duke,ADNI,"Genetics, Metabolomics",
ENSG00000141295,SCRN2,AMP-AD,Duke,,"Metabolomics, Genetics, RNA, Protein, Phenomics",
ENSG00000124145,SDC4,AMP-AD,Emory,"Banner, ROSMAP, MSBB, Emory",Protein,
ENSG00000124145,SDC4,TREAT-AD,Emory-Sage-SGC,"Banner, ROSMAP, MSBB, Emory",Protein,
ENSG00000073578,SDHA,AMP-AD,Emory,"ACT, BLSA, Banner",Protein,
ENSG00000184860,SDR42E1,AMP-AD,Duke,"AIBL, ADNI","Metabolomics, Genetics",
ENSG00000170426,SDR9C7,AMP-AD,Duke,ADNI,"Genetics, Metabolomics",
ENSG00000143416,SELENBP1,AMP-AD,MSSM - Roussos Lab,FreshMicro,RNA,
ENSG00000001617,SEMA3F,AMP-AD,Columbia-Rush,ROSMAP,"Genetics, RNA, Protein, Clinical",
ENSG00000079387,SENP1,Community,Chang Lab,ROSMAP,"Genetics, RNA",
ENSG00000186522,SEPTIN10,Community,Chang Lab,"Mayo, MSBB","Genetics, RNA, Protein",
ENSG00000138758,SEPTIN11,AMP-AD,Emory,"ACT, BLSA, Banner",Protein,
ENSG00000184702,SEPTIN5,AMP-AD,Emory,"ACT, BLSA, Banner",Protein,
ENSG00000184702,SEPTIN5,AMP-AD,MSSM - Zhang Lab,MSBB,Protein,
ENSG00000184702,SEPTIN5,AMP-AD,ASU,VirusResilience,RNA,
ENSG00000197249,SERPINA1,TREAT-AD,IUSM-Purdue,"GSE5281, GSE48350, GSE33000, GSE44772, ROSMAP, MSBB, Mayo, ABA",RNA,
ENSG00000196136,SERPINA3,AMP-AD,Mayo-UFL-ISB,APP Mice,Protein,
ENSG00000163536,SERPINI1,AMP-AD,ASU,ROSMAP,"Genetics, RNA, Protein",
ENSG00000104332,SFRP1,AMP-AD,Emory,"Banner, ROSMAP, MSBB, Emory",Protein,
ENSG00000104332,SFRP1,AMP-AD,Mayo-UFL-ISB,APP Mice,Protein,
ENSG00000104332,SFRP1,TREAT-AD,Emory-Sage-SGC,"Banner, ROSMAP, MSBB, Emory",Protein,
ENSG00000118473,SGIP1,AMP-AD,Emory,"ACT, BLSA, Banner",Protein,
ENSG00000118515,SGK1,AMP-AD,ASU,VirusResilience,RNA,
ENSG00000166224,SGPL1,AMP-AD,Duke,ADNI,"Genetics, Metabolomics",
ENSG00000126821,SGPP1,AMP-AD,Duke,ADNI,"Genetics, Metabolomics",
ENSG00000148341,SH3GLB2,AMP-AD,Emory,"ACT, BLSA, Banner",Protein,
ENSG00000149577,SIDT2,AMP-AD,Duke,"AIBL, ADNI","Metabolomics, Genetics",
ENSG00000088827,SIGLEC1,AMP-AD,Mayo-UFL-ISB,Mayo,RNA,
ENSG00000254415,SIGLEC14,AMP-AD,Mayo-UFL-ISB,Mayo,RNA,
ENSG00000105366,SIGLEC8,AMP-AD,Mayo-UFL-ISB,Mayo,RNA,
ENSG00000129450,SIGLEC9,AMP-AD,Mayo-UFL-ISB,Mayo,RNA,
ENSG00000213445,SIPA1,AMP-AD,MSSM - Zhang Lab,MSBB,"Genetics, RNA",
ENSG00000213445,SIPA1,TREAT-AD,IUSM-Purdue,"GSE5281, GSE48350, GSE33000, GSE44772, ROSMAP, MSBB, Mayo, ABA",RNA,
ENSG00000155926,SLA,TREAT-AD,IUSM-Purdue,"GSE5281, GSE48350, GSE33000, GSE44772, ROSMAP, MSBB, Mayo, ABA",RNA,
ENSG00000124067,SLC12A4,AMP-AD,Duke,,"Metabolomics, Genetics, RNA, Protein, Phenomics",
ENSG00000165449,SLC16A9,AMP-AD,Duke,"AIBL, ADNI","Metabolomics, Genetics",
ENSG00000042304,SLC19A4P,AMP-AD,ASU,VirusResilience,RNA,
ENSG00000110436,SLC1A2,Community,Chang Lab,"Mayo, ROSMAP, Kronos, Rush","Genetics, RNA",
ENSG00000105281,SLC1A5,TREAT-AD,IUSM-Purdue,"GSE5281, GSE48350, GSE33000, GSE44772, ROSMAP, MSBB, Mayo, ABA",RNA,
ENSG00000137266,SLC22A23,AMP-AD,Columbia-Rush,ROSMAP,"Genetics, RNA, Protein, Clinical",
ENSG00000197208,SLC22A4,AMP-AD,Duke,"AIBL, ADNI","Metabolomics, Genetics",
ENSG00000140090,SLC24A4,AMP-AD,ASU,VirusResilience,RNA,
ENSG00000108528,SLC25A11,Community,Chang Lab,"ROSMAP, MSBB","Genetics, RNA, Protein",
ENSG00000108528,SLC25A11,AMP-AD,Columbia-Rush,ROSMAP,"Protein, Clinical",
ENSG00000108528,SLC25A11,AMP-AD,Emory,"ACT, BLSA, Banner",Protein,
ENSG00000125454,SLC25A19,AMP-AD,ASU,ROSMAP,"Genetics, RNA, Protein",
ENSG00000151729,SLC25A4,AMP-AD,MSSM - Zhang Lab,MSBB,Protein,
ENSG00000162241,SLC25A45,Community,Chang Lab,"Mayo, ROSMAP","Genetics, RNA",
ENSG00000142583,SLC2A5,TREAT-AD,IUSM-Purdue,"GSE5281, GSE48350, GSE33000, GSE44772, ROSMAP, MSBB, Mayo, ABA",RNA,
ENSG00000136856,SLC2A8,AMP-AD,Duke,ADNI,"Genetics, Metabolomics",
ENSG00000115194,SLC30A3,AMP-AD,Emory,"ACT, BLSA, Banner",Protein,
ENSG00000181830,SLC35C1,AMP-AD,ASU,VirusResilience,RNA,
ENSG00000134294,SLC38A2,Community,Chang Lab,"Mayo, ROSMAP, Rush","Genetics, RNA",
ENSG00000144290,SLC4A10,AMP-AD,MSSM - Zhang Lab,MSBB,"Genetics, RNA",
ENSG00000198743,SLC5A3,Community,Chang Lab,"Mayo, ROSMAP","Genetics, RNA",
ENSG00000151012,SLC7A11,TREAT-AD,IUSM-Purdue,,RNA,
ENSG00000155465,SLC7A7,TREAT-AD,IUSM-Purdue,"GSE5281, GSE48350, GSE33000, GSE44772, ROSMAP, MSBB, Mayo, ABA",RNA,
ENSG00000118160,SLC8A2,AMP-AD,Emory,"ACT, BLSA, Banner",Protein,
ENSG00000065923,SLC9A7,AMP-AD,MSSM - Roussos Lab,HBI_scRNAseq,RNA,
ENSG00000084453,SLCO1A2,AMP-AD,Mayo-UFL-ISB,Mayo,RNA,
ENSG00000137491,SLCO2B1,TREAT-AD,IUSM-Purdue,"GSE5281, GSE48350, GSE33000, GSE44772, ROSMAP, MSBB, Mayo, ABA",RNA,
ENSG00000187122,SLIT1,AMP-AD,Emory,"Banner, ROSMAP, MSBB, Emory",Protein,
ENSG00000187122,SLIT1,TREAT-AD,Emory-Sage-SGC,"Banner, ROSMAP, MSBB, Emory",Protein,
ENSG00000145147,SLIT2,AMP-AD,Duke,ADNI,"Genetics, Metabolomics",
ENSG00000145147,SLIT2,AMP-AD,Emory,"Banner, ROSMAP, MSBB, Emory",Protein,
ENSG00000145147,SLIT2,TREAT-AD,Emory-Sage-SGC,"Banner, ROSMAP, MSBB, Emory",Protein,
ENSG00000184347,SLIT3,AMP-AD,Duke,ADNI,"Genetics, Metabolomics",
ENSG00000184347,SLIT3,AMP-AD,Emory,"syn20933797, syn52525880",Protein,
ENSG00000179542,SLITRK4,AMP-AD,MSSM - Zhang Lab,MSBB,"Genetics, RNA",
ENSG00000163681,SLMAP,AMP-AD,Emory,"syn20933797, syn52525880",Protein,
ENSG00000166949,SMAD3,Resilience-AD,Mayo,MC_snRNA,"Genetics, RNA",
ENSG00000141646,SMAD4,AMP-AD,Mayo-UFL-ISB,Mayo,RNA,
ENSG00000153147,SMARCA5,AMP-AD,MSSM - Zhang Lab,MSBB,Protein,
ENSG00000108055,SMC3,AMP-AD,MSSM - Zhang Lab,MSBB,Protein,
ENSG00000198732,SMOC1,AMP-AD,Emory,"Banner, ROSMAP, MSBB, Emory",Protein,
ENSG00000198732,SMOC1,TREAT-AD,Emory-Sage-SGC,"Banner, ROSMAP, MSBB, Emory",Protein,
ENSG00000112562,SMOC2,AMP-AD,Emory,"syn20933797, syn52525880",Protein,
ENSG00000132639,SNAP25,AMP-AD,MSSM - Zhang Lab,MSBB,"Genetics, RNA",
ENSG00000065609,SNAP91,Community,Chang Lab,"Mayo, ROSMAP, Kronos","Genetics, RNA",
ENSG00000065609,SNAP91,AMP-AD,MSSM - Zhang Lab,MSBB,"Genetics, RNA",
ENSG00000145335,SNCA,Community,Chang Lab,"Mayo, Rush","Genetics, RNA",
ENSG00000172164,SNTB1,AMP-AD,Emory,"ACT, BLSA, Banner",Protein,
ENSG00000143376,SNX27,AMP-AD,MSSM - Roussos Lab,HBI_scRNAseq,RNA,
ENSG00000172803,SNX32,AMP-AD,Emory,"Banner, ROSMAP","Genetics, Protein",
ENSG00000172803,SNX32,TREAT-AD,Emory-Sage-SGC,"Banner, ROSMAP","Protein, Genetics",
ENSG00000172803,SNX32,AMP-AD,Emory,"https://doi.org/10.1038/s41588-018-0311-9, https://doi.org/10.1038/s41588-019-0358-2","Genetics, Protein",
ENSG00000185591,SP1,AMP-AD,Mayo-UFL-ISB,Mayo,RNA,
ENSG00000189120,SP6,AMP-AD,ASU,VirusResilience,RNA,
ENSG00000141255,SPATA22,AMP-AD,ASU,ROSMAP,"Genetics, RNA, Protein",
ENSG00000249481,SPATS1,AMP-AD,ASU,VirusResilience,RNA,
ENSG00000114902,SPCS1,AMP-AD,Columbia-Rush,ROSMAP,"Genetics, RNA, Protein, Clinical",
ENSG00000197912,SPG7,AMP-AD,Columbia-Rush,ROSMAP,"Protein, Clinical",
ENSG00000066336,SPI1,AMP-AD,Mayo-UFL-ISB,Mayo,RNA,
ENSG00000152377,SPOCK1,AMP-AD,Emory,"Banner, ROSMAP, MSBB, Emory",Protein,
ENSG00000152377,SPOCK1,TREAT-AD,Emory-Sage-SGC,"Banner, ROSMAP, MSBB, Emory",Protein,
ENSG00000107742,SPOCK2,AMP-AD,Emory,"Banner, ROSMAP, MSBB, Emory",Protein,
ENSG00000107742,SPOCK2,TREAT-AD,Emory-Sage-SGC,"Banner, ROSMAP, MSBB, Emory",Protein,
ENSG00000196104,SPOCK3,AMP-AD,Emory,"Banner, ROSMAP, MSBB, Emory",Protein,
ENSG00000196104,SPOCK3,TREAT-AD,Emory-Sage-SGC,"Banner, ROSMAP, MSBB, Emory",Protein,
ENSG00000262655,SPON1,AMP-AD,Emory,"Banner, ROSMAP, MSBB, Emory",Protein,
ENSG00000262655,SPON1,AMP-AD,MSSM - Roussos Lab,FreshMicro,RNA,
ENSG00000262655,SPON1,TREAT-AD,Emory-Sage-SGC,"Banner, ROSMAP, MSBB, Emory",Protein,
ENSG00000070182,SPTB,AMP-AD,ASU,ROSMAP,"Genetics, RNA, Protein",
ENSG00000090054,SPTLC1,AMP-AD,Duke,"AIBL, ADNI","Metabolomics, Genetics",
ENSG00000172296,SPTLC3,AMP-AD,Duke,ADNI,"Genetics, Metabolomics",
ENSG00000072310,SREBF1,AMP-AD,Duke,ADNI,"Genetics, Metabolomics",
ENSG00000198911,SREBF2,AMP-AD,Duke,ADNI,"Genetics, Metabolomics",
ENSG00000167720,SRR,AMP-AD,Duke,ADNI,"Genetics, Metabolomics",
ENSG00000161547,SRSF2,AMP-AD,Emory,"ACT, BLSA, Banner",Protein,
ENSG00000147488,ST18,AMP-AD,ASU,VirusResilience,RNA,
ENSG00000177511,ST8SIA3,AMP-AD,MSSM - Zhang Lab,MSBB,"Genetics, RNA",
ENSG00000214530,STARD10,Community,Chang Lab,ROSMAP,"Genetics, RNA",
ENSG00000168610,STAT3,AMP-AD,Mayo-UFL-ISB,Mayo,RNA,
ENSG00000168610,STAT3,AMP-AD,MSSM - Zhang Lab,MSBB,"Genetics, RNA",
ENSG00000124214,STAU1,AMP-AD,Columbia-Rush,ROSMAP,"Genetics, RNA, Protein, Clinical",
ENSG00000072786,STK10,TREAT-AD,IUSM-Purdue,"GSE5281, GSE48350, GSE33000, GSE44772, ROSMAP, MSBB, Mayo, ABA",RNA,
ENSG00000148175,STOM,AMP-AD,Mayo-UFL-ISB,"Mayo, MC-BrAD, TAUAPPms","Genetics, RNA",
ENSG00000106089,STX1A,AMP-AD,Emory,"ACT, BLSA, Banner",Protein,
ENSG00000106089,STX1A,AMP-AD,MSSM - Zhang Lab,MSBB,Protein,
ENSG00000099365,STX1B,AMP-AD,Emory,"https://doi.org/10.1038/s41588-018-0311-9, https://doi.org/10.1038/s41588-019-0358-2","Genetics, Protein",
ENSG00000103496,STX4,AMP-AD,Emory,"Banner, ROSMAP","Genetics, Protein",
ENSG00000103496,STX4,TREAT-AD,Emory-Sage-SGC,"Banner, ROSMAP","Protein, Genetics",
ENSG00000135823,STX6,AMP-AD,Emory,"Banner, ROSMAP","Genetics, Protein",
ENSG00000135823,STX6,AMP-AD,Emory,"https://doi.org/10.1038/s41588-018-0311-9, https://doi.org/10.1038/s41588-019-0358-2","Genetics, Protein",
ENSG00000136854,STXBP1,AMP-AD,MSSM - Zhang Lab,MSBB,Protein,
ENSG00000116266,STXBP3,AMP-AD,Emory,"https://doi.org/10.1038/s41588-018-0311-9, https://doi.org/10.1038/s41588-019-0358-2","Genetics, Protein",
ENSG00000145087,STXBP5L,AMP-AD,MSSM - Zhang Lab,MSBB,"Genetics, RNA",
ENSG00000261052,SULT1A3,AMP-AD,ASU,ROSMAP,"Genetics, RNA, Protein",
ENSG00000105398,SULT2A1,AMP-AD,Duke,ADNI,"Genetics, Metabolomics",
ENSG00000130540,SULT4A1,Community,Chang Lab,"Mayo, ROSMAP, Kronos","Genetics, RNA",
ENSG00000144455,SUMF1,AMP-AD,Duke,,"Metabolomics, Genetics, RNA, Protein, Phenomics",
ENSG00000185518,SV2B,AMP-AD,Emory,"ACT, BLSA, Banner",Protein,
ENSG00000185518,SV2B,AMP-AD,MSSM - Zhang Lab,MSBB,"Genetics, RNA",
ENSG00000165025,SYK,AMP-AD,MSSM - Zhang Lab,MSBB,"Genetics, RNA",
ENSG00000165025,SYK,TREAT-AD,Emory-Sage-SGC,"Banner, ROSMAP","Protein, Genetics",
ENSG00000165025,SYK,TREAT-AD,IUSM-Purdue,"GSE5281, GSE48350, GSE33000, GSE44772, ROSMAP, MSBB, Mayo, ABA",RNA,
ENSG00000008056,SYN1,Community,Chang Lab,"Mayo, ROSMAP, Kronos, Rush, MSBB","Genetics, RNA, Protein",
ENSG00000157152,SYN2,AMP-AD,MSSM - Zhang Lab,MSBB,"Genetics, RNA",
ENSG00000197283,SYNGAP1,Community,Chang Lab,MSBB,"Genetics, Protein",
ENSG00000197283,SYNGAP1,AMP-AD,Emory,"ACT, BLSA, Banner",Protein,
ENSG00000197283,SYNGAP1,AMP-AD,MSSM - Zhang Lab,MSBB,Protein,
ENSG00000105467,SYNGR4,AMP-AD,ASU,ROSMAP,"Genetics, RNA, Protein",
ENSG00000159082,SYNJ1,AMP-AD,ASU,VirusResilience,RNA,
ENSG00000171992,SYNPO,AMP-AD,Emory,"ACT, BLSA, Banner",Protein,
ENSG00000102003,SYP,AMP-AD,MSSM - Zhang Lab,MSBB,"Genetics, RNA",
ENSG00000067715,SYT1,Community,Chang Lab,"ROSMAP, Mayo, Kronos, Rush, MSBB","Genetics, RNA, Protein",
ENSG00000067715,SYT1,AMP-AD,Emory,"ACT, BLSA, Banner",Protein,
ENSG00000067715,SYT1,AMP-AD,MSSM - Zhang Lab,MSBB,"Genetics, RNA",
ENSG00000173227,SYT12,AMP-AD,Emory,"ACT, BLSA, Banner",Protein,
ENSG00000019505,SYT13,AMP-AD,MSSM - Zhang Lab,MSBB,"Genetics, RNA",
ENSG00000011347,SYT7,AMP-AD,Duke,,"Metabolomics, Genetics, RNA, Protein, Phenomics",
ENSG00000011347,SYT7,AMP-AD,Duke,"AIBL, ADNI","Metabolomics, Genetics",
ENSG00000144834,TAGLN3,AMP-AD,Columbia-Rush,ROSMAP,"Protein, Clinical",
ENSG00000144834,TAGLN3,AMP-AD,MSSM - Zhang Lab,MSBB,"Genetics, RNA",
ENSG00000162367,TAL1,TREAT-AD,IUSM-Purdue,"GSE5281, GSE48350, GSE33000, GSE44772, ROSMAP, MSBB, Mayo, ABA",RNA,
ENSG00000120948,TARDBP,AMP-AD,ASU,ROSMAP,"Genetics, RNA, Protein",
ENSG00000059377,TBXAS1,TREAT-AD,IUSM-Purdue,"GSE5281, GSE48350, GSE33000, GSE44772, ROSMAP, MSBB, Mayo, ABA",RNA,
ENSG00000135426,TESPA1,AMP-AD,MSSM - Zhang Lab,MSBB,"Genetics, RNA",
ENSG00000105329,TGFB1,AMP-AD,Mayo-UFL-ISB,Mayo,RNA,
ENSG00000163513,TGFBR2,AMP-AD,Mayo-UFL-ISB,Mayo,RNA,
ENSG00000163513,TGFBR2,AMP-AD,MSSM - Zhang Lab,MSBB,"Genetics, RNA",
ENSG00000127666,TICAM1,TREAT-AD,Emory-Sage-SGC,,"Risk Scores, Pathway Modeling",
ENSG00000099800,TIMM13,AMP-AD,Columbia-Rush,ROSMAP,"Protein, Clinical",
ENSG00000100234,TIMP3,AMP-AD,Mayo-UFL-ISB,Mayo,RNA,
ENSG00000119139,TJP2,AMP-AD,MSSM - Zhang Lab,MSBB,Protein,
ENSG00000149476,TKFC,AMP-AD,Duke,,"Metabolomics, Genetics, RNA, Protein, Phenomics",
ENSG00000137076,TLN1,Community,Chang Lab,"Mayo, ROSMAP","Genetics, RNA",
ENSG00000137076,TLN1,AMP-AD,MSSM - Zhang Lab,MSBB,"Genetics, RNA",
ENSG00000174125,TLR1,AMP-AD,Mayo-UFL-ISB,Mayo,RNA,
ENSG00000137462,TLR2,AMP-AD,Mayo-UFL-ISB,Mayo,RNA,
ENSG00000137462,TLR2,TREAT-AD,IUSM-Purdue,"GSE5281, GSE48350, GSE33000, GSE44772, ROSMAP, MSBB, Mayo, ABA",RNA,
ENSG00000136869,TLR4,AMP-AD,Mayo-UFL-ISB,Mayo,RNA,
ENSG00000187554,TLR5,AMP-AD,Mayo-UFL-ISB,Mayo,RNA,
ENSG00000196664,TLR7,TREAT-AD,IUSM-Purdue,"GSE5281, GSE48350, GSE33000, GSE44772, ROSMAP, MSBB, Mayo, ABA",RNA,
ENSG00000213996,TM6SF2,AMP-AD,Duke,"AIBL, ADNI","Metabolomics, Genetics",
ENSG00000135926,TMBIM1,AMP-AD,MSSM - Zhang Lab,MSBB,"Genetics, RNA",
ENSG00000144339,TMEFF2,AMP-AD,Emory,"Banner, ROSMAP, MSBB, Emory",Protein,
ENSG00000144339,TMEFF2,TREAT-AD,Emory-Sage-SGC,"Banner, ROSMAP, MSBB, Emory",Protein,
ENSG00000183160,TMEM119,TREAT-AD,IUSM-Purdue,"GSE5281, GSE48350, GSE33000, GSE44772, ROSMAP, MSBB, Mayo, ABA",RNA,
ENSG00000198792,TMEM184B,Community,Chang Lab,"Mayo, ROSMAP","Genetics, RNA",
ENSG00000198133,TMEM229B,AMP-AD,Duke,ADNI,"Genetics, Metabolomics",
ENSG00000134825,TMEM258,AMP-AD,Duke,"AIBL, ADNI","Metabolomics, Genetics",
ENSG00000120802,TMPO,AMP-AD,Emory,"ACT, BLSA, Banner",Protein,
ENSG00000166479,TMX3,AMP-AD,Columbia-Rush,ROSMAP,"Protein, Clinical",
ENSG00000145779,TNFAIP8,AMP-AD,MSSM - Roussos Lab,HBI_scRNAseq,RNA,
ENSG00000164761,TNFRSF11B,AMP-AD,MSSM - Roussos Lab,FreshMicro,RNA,
ENSG00000067182,TNFRSF1A,Community,Chang Lab,"ROSMAP, Mayo, Kronos, Rush","Genetics, RNA",
ENSG00000067182,TNFRSF1A,AMP-AD,MSSM - Zhang Lab,MSBB,"Genetics, RNA",
ENSG00000079308,TNS1,AMP-AD,MSSM - Zhang Lab,MSBB,Protein,
ENSG00000154174,TOMM70,AMP-AD,Emory,"ACT, BLSA, Banner",Protein,
ENSG00000047410,TPR,AMP-AD,MSSM - Zhang Lab,MSBB,Protein,
ENSG00000169902,TPST1,Community,Chang Lab,"Mayo, ROSMAP, Kronos, Rush","Genetics, RNA",
ENSG00000095970,TREM2,AMP-AD,Mayo-UFL-ISB,Mayo,RNA,
ENSG00000095970,TREM2,TREAT-AD,IUSM-Purdue,"GSE5281, GSE48350, GSE33000, GSE44772, ROSMAP, MSBB, Mayo, ABA","Genetics, RNA",
ENSG00000161911,TREML1,AMP-AD,Mayo-UFL-ISB,Mayo,RNA,
ENSG00000072657,TRHDE,AMP-AD,MSSM - Roussos Lab,HBI_scRNAseq,RNA,
ENSG00000100106,TRIOBP,AMP-AD,Columbia-Rush,ROSMAP,"Genetics, RNA, Protein, Clinical",
ENSG00000138741,TRPC3,Resilience-AD,JAX-VUMC-UW Resilience,AD-BXD mice,"Protein, Genetics",
ENSG00000134160,TRPM1,AMP-AD,ASU,VirusResilience,RNA,
ENSG00000156298,TSPAN7,AMP-AD,MSSM - Zhang Lab,MSBB,Protein,
ENSG00000128881,TTBK2,AMP-AD,MSSM - Zhang Lab,MSBB,"Genetics, Protein",
ENSG00000141540,TTYH2,Community,Chang Lab,"Mayo, ROSMAP, Kronos, Rush","Genetics, RNA",
ENSG00000258947,TUBB3,AMP-AD,Emory,"ACT, BLSA, Banner",Protein,
ENSG00000178952,TUFM,AMP-AD,Columbia-Rush,ROSMAP,"Protein, Clinical",
ENSG00000011600,TYROBP,AMP-AD,Mayo-UFL-ISB,Mayo,RNA,
ENSG00000011600,TYROBP,AMP-AD,MSSM - Zhang Lab,HBTRC,"Genetics, RNA",
ENSG00000011600,TYROBP,TREAT-AD,IUSM-Purdue,"GSE5281, GSE48350, GSE33000, GSE44772, ROSMAP, MSBB, Mayo, ABA","Genetics, RNA",
ENSG00000077152,UBE2T,Community,Chang Lab,ROSMAP,"Genetics, RNA",
ENSG00000174607,UGT8,AMP-AD,Mayo-UFL-ISB,Mayo,RNA,
ENSG00000175970,UNC119B,Community,Chang Lab,Mayo,"Genetics, RNA",
ENSG00000130477,UNC13A,AMP-AD,MSSM - Zhang Lab,MSBB,"Genetics, RNA",
ENSG00000182168,UNC5C,AMP-AD,Mayo-UFL-ISB,Mayo,RNA,
ENSG00000133958,UNC79,AMP-AD,MSSM - Zhang Lab,MSBB,"Genetics, RNA",
ENSG00000156467,UQCRB,AMP-AD,MSSM - Zhang Lab,MSBB,Protein,
ENSG00000010256,UQCRC1,AMP-AD,Columbia-Rush,ROSMAP,"Protein, Clinical",
ENSG00000140740,UQCRC2,AMP-AD,MSSM - Zhang Lab,MSBB,Protein,
ENSG00000169021,UQCRFS1,AMP-AD,MSSM - Zhang Lab,MSBB,Protein,
ENSG00000170236,USP50,AMP-AD,ASU,VirusResilience,RNA,
ENSG00000148429,USP6NL,AMP-AD,MSSM - Roussos Lab,FreshMicro,"Genetics, RNA",
ENSG00000152818,UTRN,AMP-AD,MSSM - Zhang Lab,MSBB,Protein,
ENSG00000141968,VAV1,TREAT-AD,IUSM-Purdue,"GSE5281, GSE48350, GSE33000, GSE44772, ROSMAP, MSBB, Mayo, ABA","Genetics, RNA",
ENSG00000038427,VCAN,AMP-AD,Emory,"ACT, BLSA, Banner",Protein,
ENSG00000165280,VCP,AMP-AD,Emory,"ACT, BLSA, Banner",Protein,
ENSG00000112715,VEGFA,Resilience-AD,Mayo,MC_snRNA,"Genetics, RNA",
ENSG00000128564,VGF,AMP-AD,Columbia-Rush,ROSMAP,"Genetics, RNA, Protein, Clinical",
ENSG00000128564,VGF,AMP-AD,Emory,"ACT, BLSA, Banner",Protein,
ENSG00000128564,VGF,AMP-AD,Mayo-UFL-ISB,Mayo,RNA,
ENSG00000128564,VGF,AMP-AD,MSSM - Zhang Lab,MSBB,"Genetics, RNA",
ENSG00000026025,VIM,AMP-AD,MSSM - Zhang Lab,MSBB,"Genetics, Protein",
ENSG00000167397,VKORC1,AMP-AD,Emory,"https://doi.org/10.1038/s41588-018-0311-9, https://doi.org/10.1038/s41588-019-0358-2","Genetics, Protein",
ENSG00000155659,VSIG4,TREAT-AD,IUSM-Purdue,"GSE5281, GSE48350, GSE33000, GSE44772, ROSMAP, MSBB, Mayo, ABA",RNA,
ENSG00000163032,VSNL1,AMP-AD,MSSM - Zhang Lab,MSBB,"Genetics, RNA",
ENSG00000163032,VSNL1,AMP-AD,ASU,VirusResilience,RNA,
ENSG00000109072,VTN,AMP-AD,Mayo-UFL-ISB,APP Mice,Protein,
ENSG00000015285,WAS,TREAT-AD,IUSM-Purdue,"GSE5281, GSE48350, GSE33000, GSE44772, ROSMAP, MSBB, Mayo, ABA",RNA,
ENSG00000128815,WDFY4,AMP-AD,MSSM - Zhang Lab,MSBB,"Genetics, RNA",
ENSG00000128815,WDFY4,TREAT-AD,IUSM-Purdue,"GSE5281, GSE48350, GSE33000, GSE44772, ROSMAP, MSBB, Mayo, ABA",RNA,
ENSG00000071127,WDR1,Community,Chang Lab,MSBB,"Genetics, Protein",
ENSG00000071127,WDR1,AMP-AD,MSSM - Zhang Lab,MSBB,Protein,
ENSG00000091157,WDR7,AMP-AD,Emory,"ACT, BLSA, Banner",Protein,
ENSG00000116729,WLS,AMP-AD,MSSM - Roussos Lab,HBI_scRNAseq,RNA,
ENSG00000169884,WNT10B,AMP-AD,Mayo-UFL-ISB,Mayo,RNA,
ENSG00000134245,WNT2B,AMP-AD,MSSM - Roussos Lab,HBI_scRNAseq,RNA,
ENSG00000188064,WNT7B,AMP-AD,ASU,VirusResilience,RNA,
ENSG00000137693,YAP1,AMP-AD,MSSM - Zhang Lab,MSBB,"Genetics, RNA",
ENSG00000134684,YARS1,AMP-AD,Emory,"ACT, BLSA, Banner",Protein,
ENSG00000167645,YIF1B,Community,Chang Lab,ROSMAP,"Genetics, RNA",
ENSG00000109906,ZBTB16,AMP-AD,Mayo-UFL-ISB,Mayo,RNA,
ENSG00000180787,ZFP3,AMP-AD,ASU,VirusResilience,RNA,
ENSG00000256294,ZNF225,AMP-AD,ASU,VirusResilience,RNA,
ENSG00000198597,ZNF536,AMP-AD,Duke,ADNI,"Genetics, Metabolomics",
ENSG00000157657,ZNF618,AMP-AD,MSSM - Roussos Lab,HBI_scRNAseq,RNA,
ENSG00000198740,ZNF652,AMP-AD,MSSM - Roussos Lab,FreshMicro,"Genetics, RNA",
ENSG00000109917,ZPR1,AMP-AD,Duke,"AIBL, ADNI","Metabolomics, Genetics",
ENSG00000122952,ZWINT,AMP-AD,Mayo-UFL-ISB,APP Mice,Protein,
